stem	word_m	lang_GT_API
día	día	es
pido	pido	es
hatr	hatred	en
pide	pide	es
yellow	yellow	en
four	four	en
sleev	sleeve	en
sleep	sleep	en
thirst	thirst	en
upsid	upside	en
captain	captain	en
hate	hate	en
yonder	yonder	en
villag	village	en
request	request	en
otro	otro	es
whose	whose	en
accus	accused	en
pardon	pardon	en
auf	auf	de
spin	spinning	en
sorri	sorry	en
sweetest	sweetest	en
otra	otra	es
igual	igual	es
aus	aus	de
concret	concrete	en
certain	certain	en
buddi	buddy	en
daze	daze	en
under	under	en
tai	tai	fi
lord	lord	en
pride	pride	en
sway	sway	en
worth	worth	en
lonesom	lonesome	en
digit	digital	en
callin	callin'	en
everi	every	en
risk	risk	en
neue	neue	de
void	void	en
rise	rise	en
lurk	lurking	en
voic	voice	en
distort	distorted	en
risa	risa	es
olvidart	olvidarte	es
smack	smack	en
georgia	georgia	en
jack	jack	en
voix	voix	fr
govern	government	en
affect	affection	en
voit	voit	fi
ala	alas	en
voir	voir	fr
vast	vast	en
elvi	elvis	en
school	school	en
prize	prize	en
daydream	daydream	en
wooden	wooden	en
ref	ref:	en
factori	factory	en
oooo	oooo	bg
haben	haben	de
nacht	nacht	de
oooh	oooh	en
niño	niño	es
venus	venus	en
blick	blick	de
upp	upp	sv
hora	hora	es
chew	chew	en
fuera	fuera	es
again	again	en
naiv	naive	en
chez	chez	fr
direct	direction	en
horn	horn	en
nail	nails	en
consequ	consequence	en
second	second	en
street	street	en
sooth	soothe	en
olvida	olvida	es
fuert	fuerte	es
n	n	
illumin	illuminate	en
even	even	en
nel	nel	it
nem	nem	hu
hide	hide	en
christ	christ	en
wreck	wreck	en
thunder	thunder	en
amus	amused	en
asid	aside	en
lightn	lightning	en
poison	poison	en
muer	muere	es
kun	kun	fi
haze	haze	en
fuerza	fuerza	es
toll	toll	en
upset	upset	en
new	new	en
net	net	en
ever	ever	en
liberti	liberty	en
told	told	en
med	med	sv
meg	meg	hu
manipul	manipulate	en
hero	hero	en
sobr	sobre	es
oscuridad	oscuridad	es
così	così	it
never	never	en
here	here	en
meu	meu	pt
met	met	nl
jaurai	j'aurais	fr
nicht	nicht	de
china	china	en
smokin	smokin'	en
mes	mes	fr
mer	mer	sv
path	path	en
100	100	en
pleasur	pleasure	en
half	half	en
gli	gli	it
tant	tant	fr
daughter	daughter	en
ska	ska	sv
anymor	anymore	en
robin	robin	en
dri	dry	en
jame	james	en
resto	resto	es
cradl	cradle	en
smoke	smoke	en
zombi	zombie	en
studi	study	en
fui	fui	pt
counti	county	en
golden	golden	en
stray	stray	en
ecstasi	ecstasy	en
também	também	pt
solament	solamente	es
tempt	tempted	en
seven	seven	en
strap	strapped	en
brought	brought	en
qui	qui	fr
attitud	attitude	en
toujour	toujours	fr
moral	moral	en
hollow	hollow	en
outra	outra	pt
stern	stern	en
hablar	hablar	es
total	total	en
unit	united	en
plot	plot	en
symphoni	symphony	en
spoke	spoke	en
would	would	en
nine	nine	en
niin	niin	fi
princess	princess	en
bike	bike	en
music	music	en
calm	calm	en
armi	army	en
strike	strike	en
torment	torment	en
tryin	tryin'	en
type	type	en
tell	tell	en
willst	willst	de
griev	grieve	en
saber	saber	pt
relax	relax	en
relat	relate	en
notic	notice	en
hurt	hurt	en
warn	warning	en
phone	phone	en
berlin	berlin	de
warm	warm	en
pecho	pecho	es
holi	holy	en
aux	aux	fr
muss	muss	de
moin	moins	fr
hole	hole	en
pouco	pouco	pt
dot	dot	en
must	must	en
me	me	
accid	accident	en
für	für	de
ma	ma	
room	room	en
mc	mc	
flore	flores	es
mm	mm	
mo	mo	
work	work	en
mi	mi	
cant	cant	en
roof	roof	en
hizo	hizo	es
ere	eres	es
wors	worse	en
wort	worte	de
era	era	es
sweeter	sweeter	en
mr	mr.	en
olen	olen	fi
im	im	
libertad	libertad	es
my	my	
it´	it´s	en
gloria	gloria	es
jamai	jamais	fr
empieza	empieza	es
io	io	
serpent	serpent	en
give	give	en
vos	vos	fr
honey	honey	en
mornin	mornin'	en
wirklich	wirklich	de
want	want	en
aaah	aaah	id
nient	niente	it
attract	attraction	en
cielo	cielo	es
end	end	en
solitud	solitude	en
thing	things	en
polic	police	en
hoo	hoo	ar
travel	travel	en
prendr	prendre	fr
ogni	ogni	it
how	how	en
hot	hot	en
confin	confined	en
hop	hop	en
rewind	rewind	en
answer	answer	en
gate	gates	en
quoi	quoi	fr
beach	beach	en
quon	qu'on	fr
hoy	hoy	es
cariño	cariño	es
fever	fever	en
recogn	recognize	en
lai	lai	lv
mess	mess	en
cadillac	cadillac	en
ladder	ladder	en
after	after	en
vicious	vicious	en
être	être	fr
befor	before	en
wrong	wrong	en
lay	lay	en
beauti	beautiful	en
weißt	weißt	de
law	law	en
lap	lap	en
adio	adios	es
sentir	sentir	pt
domin	domination	en
third	third	en
acaba	acaba	es
sitä	sitä	fi
greet	greet	en
imposs	impossible	en
hasta	hasta	es
wink	wink	en
green	green	en
enter	enter	en
plagu	plague	en
worst	worst	en
wing	wings	en
wind	wind	en
wine	wine	en
origin	original	en
peux	peux	fr
carnav	carnaval	pt
madrugada	madrugada	es
deck	deck	en
peur	peur	fr
crumbl	crumble	en
over	over	en
failur	failure	en
orang	orange	en
becaus	because	en
peut	peut	fr
surrend	surrender	en
finest	finest	en
london	london	en
atrá	atrás	pt
mañana	mañana	es
vita	vita	it
hook	hook	en
tennesse	tennessee	en
vite	vite	fr
dreamer	dreamer	en
ima	i'ma	pl
meno	menos	es
gentl	gentle	en
vento	vento	it
fit	fit	en
canto	canto	it
despierta	despierta	es
fix	fix	en
baila	baila	es
crew	crew	en
better	better	en
spoken	spoken	en
offic	office	en
días	días	es
fade	fade	en
creo	creo	es
hidden	hidden	en
fin	fin	fr
easier	easier	en
fil	fils	fr
split	split	en
then	then	en
them	them	en
anim	animal	en
trippin	trippin'	en
était	était	fr
thee	thee	en
safe	safe	en
deinem	deinem	de
disturb	disturb	en
deinen	deinen	de
break	break	en
band	band	en
bang	bang	en
deiner	deiner	de
promis	promise	en
they	they	en
teu	teu	ca
battl	battle	en
one	one	en
silver	silver	en
bank	bank	en
bread	bread	en
wenn	wenn	de
choic	choice	en
victori	victory	en
viver	viver	pt
chico	chico	es
sleepless	sleepless	en
l	l	
choir	choir	en
luce	luce	it
holdin	holdin'	en
rocki	rocky	en
arrow	arrow	en
each	each	en
puppet	puppet	en
went	went	en
enamorado	enamorado	es
side	side	en
bone	bones	en
mean	mean	en
turnin	turnin'	sq
allah	allah	ms
overflow	overflow	en
spider	spider	en
tip	tip	en
taught	taught	en
forgot	forgot	en
dawn	dawn	en
despis	despise	en
saturday	saturday	en
whip	whip	en
fragil	fragile	en
depress	depression	en
gon	gon'	en
velvet	velvet	en
goe	goes	en
god	god	en
nunca	nunca	es
muero	muero	es
algún	algún	es
matar	matar	pt
content	content	en
re	re	
laid	laid	en
branch	branches	en
ra	ra	
mondo	mondo	it
got	got	en
forth	forth	en
swell	swell	en
smart	smart	en
frei	frei	de
written	written	en
hang	hang	en
nightmar	nightmare	en
situat	situation	en
infin	infinity	en
free	free	en
bailar	bailar	es
redempt	redemption	en
spill	spill	no
boulevard	boulevard	en
evil	evil	en
entrar	entrar	pt
nie	nie	pl
silent	silent	en
dancin	dancin'	en
ate	ate	en
sunshin	sunshine	en
puzzl	puzzle	en
ritual	ritual	en
cosmic	cosmic	en
ist	ist	de
att	att	sv
rais	raise	en
hopeless	hopeless	en
can’t	can’t	en
loud	loud	en
bite	bite	en
fuckin	fuckin'	en
fantasi	fantasy	en
rang	range	en
slept	slept	en
einer	einer	de
tellement	tellement	fr
jamaica	jamaica	en
fácil	fácil	es
trembl	tremble	en
independ	independent	en
wast	waste	en
lágrima	lágrimas	es
system	system	en
wash	wash	en
alreadi	already	en
comin	comin'	en
einen	einen	de
thick	thick	en
agre	agree	en
hood	hood	en
pasa	pasa	es
endlich	endlich	de
é	é	
è	è	
bonita	bonita	pt
inch	inch	en
top	top	en
à	à	
ingen	ingen	sv
sometim	sometimes	en
å	å	
fiction	fiction	en
tabl	table	en
toi	toi	fr
ton	ton	fr
too	too	en
tom	tom	en
rockin	rockin'	en
dwell	dwell	en
hollywood	hollywood	en
john	john	en
bitter	bitter	en
tod	tod	de
listen	listen	en
hacer	hacer	es
murder	murder	en
consol	consolation	en
segundo	segundo	pt
tool	tool	en
took	took	en
wisdom	wisdom	en
digo	digo	es
western	western	en
crawl	crawl	en
diga	digas	es
pluie	pluie	fr
cri	cry	en
preacher	preacher	en
bitt	bitte	de
silli	silly	en
target	target	en
thirsti	thirsty	en
provid	provide	en
coward	coward	en
tra	tra	it
tree	tree	en
hors	horse	en
shower	shower	en
matter	matter	en
entr	entre	es
flame	flame	en
ancora	ancora	it
k	k	
minut	minute	en
rag	rag	en
fashion	fashion	en
esta	esta	es
estc	est-ce	fr
ran	ran	en
mina	mina	sv
esto	esto	es
mind	mind	en
mine	mine	en
drip	drip	en
sourir	sourire	fr
raw	raw	en
rat	rat	en
seed	seed	en
rap	rap	en
seen	seen	en
seem	seems	en
it’	it’s	en
seek	seek	en
boogi	boogie	en
salvat	salvation	en
strength	strength	en
realm	realm	en
alibi	alibi	en
damour	d'amour	fr
especi	especially	en
snow	snow	en
bleib	bleib	de
chest	chest	en
rome	rome	en
i´m	i´m	en
hum	hum	en
rider	rider	en
blue	blue	en
crippl	crippled	en
despertar	despertar	es
nuit	nuit	fr
razon	razon	es
plenti	plenty	en
though	though	en
scienc	science	en
doin	doin'	en
object	object	en
sue	sue	it
ahí	ahí	es
sinto	sinto	pt
mouth	mouth	en
addict	addicted	en
letter	letter	en
jumpin	jumpin'	en
phase	phase	en
coin	coin	en
the	the	en
grave	grave	en
glow	glow	en
tradit	tradition	en
singer	singer	en
excus	excuse	en
don	don?	en
doo	doo	sl
dom	dom	sv
flor	flor	pt
alarm	alarm	en
nei	nei	it
metal	metal	en
dog	dog	en
doe	does	en
freeway	freeway	en
suo	suo	it
declar	declare	en
dor	dor	pt
dos	dos	pt
cama	cama	es
left	left	en
scream	scream	en
came	came	en
job	job	en
beaten	beaten	en
bomb	bomb	en
hur	hur	sv
cherch	cherche	fr
opposit	opposite	en
queen	queen	en
pave	paved	en
lee	lee	en
sanctuari	sanctuary	en
radio	radio	en
earth	earth	en
bail	baile	ga
sagt	sagt	de
toast	toast	en
och	och	sv
wirst	wirst	de
politician	politicians	en
quieren	quieren	es
just	just	en
spite	spite	en
blut	blut	de
ment	mente	es
explain	explain	en
releas	release	en
bust	bust	en
sugar	sugar	en
bush	bush	en
busi	business	en
bliss	bliss	en
deepest	deepest	en
rich	rich	en
mend	mend	sq
gangsta	gangsta	en
do	do	
waltz	waltz	en
dj	dj	
klein	kleine	de
di	di	
nasti	nasty	en
de	de	
watch	watch	en
13	13	
da	da	
pocket	pocket	en
geen	geen	nl
doigt	doigts	fr
du	du	
dr	dr.	en
bat	bat	eu
bar	bar	en
bas	bas	fr
busco	busco	es
ner	ner	sv
sacrific	sacrifice	en
probabl	probably	en
brazo	brazos	es
disco	disco	es
twice	twice	en
bad	bad	en
coke	coke	en
olhar	olhar	pt
sentido	sentido	es
steal	steal	en
steam	steam	en
bah	bah	fr
fait	fait	fr
blew	blew	en
vampir	vampire	en
beso	besos	es
fair	faire	fr
cerca	cerca	it
guerra	guerra	es
liquor	liquor	en
nur	nur	de
parol	parole	it
light	light	en
resist	resist	en
bled	bled	sl
goodnight	goodnight	en
num	num	pt
structur	structure	en
nuh	nuh	id
respons	responsible	en
fail	fail	en
cambiar	cambiar	es
foss	fosse	it
hammer	hammer	en
best	best	en
subject	subject	en
awar	aware	en
said	said	en
onto	onto	en
bij	bij	nl
away	away	en
sail	sail	en
muy	muy	es
insiem	insieme	it
mud	mud	en
bien	bien	fr
score	score	en
cómo	cómo	es
finger	fingers	en
awak	awake	en
drawn	drawn	en
mun	mun	ar
approach	approach	en
alguien	alguien	es
debo	debo	es
warrior	warrior	en
we	we	
men	men	sv
drivin	drivin'	en
wa	wa	
wo	won't	en
debe	debes	es
sera	sera	fr
weak	weak	en
boss	boss	en
posit	position	en
lazi	lazy	en
devour	devour	en
wear	wear	en
unfold	unfold	en
intox	intoxicated	en
news	news	en
debt	debt	en
roller	roller	en
weari	weary	en
bras	bras	fr
cop	cops	en
cos	'cos	pl
cor	cor	pt
ell	elle	fr
cow	cow	en
herz	herz	de
fault	fault	en
ill	ill	en
questo	questo	it
ahora	ahora	es
against	against	en
kommen	kommen	de
piti	pity	en
una	una	es
kommer	kommer	sv
und	und	de
une	une	fr
lookin	lookin'	en
logic	logic	en
countri	country	en
com	com	pt
col	col	it
con	con	es
compromis	compromise	en
skill	skills	en
assur	assured	en
tough	tough	en
alleluia	alleluia!	en
pose	pose	en
demain	demain	fr
vain	vain	fi
jugar	jugar	es
height	heights	en
femm	femme	fr
creat	create	en
lick	lick	en
felicidad	felicidad	es
darlin	darlin'	en
paradis	paradise	en
trumpet	trumpet	en
trust	trust	en
assum	assume	en
aquella	aquella	es
speak	speak	en
hijo	hijos	es
fra	fra	da
reveng	revenge	en
sam	sam	bs
beef	beef	en
hay	hay	es
union	union	en
fri	fry	en
sal	sal	af
three	three	en
been	been	en
shoulda	shoulda	en
beep	beep	en
beer	beer	en
much	much	en
entonc	entonces	es
interest	interest	en
pro	pro	cs
tini	tiny	en
threw	threw	en
funer	funeral	en
life	life	en
ano	ano	pt
deeper	deeper	en
spit	spit	en
café	café	pt
pueden	pueden	es
alegr	alegre	pt
prison	prison	en
anywher	anywhere	en
fest	fest	de
lift	lift	en
alley	alley	en
child	child	en
catch	catch	en
erst	erst	de
suav	suave	es
cunt	cunt	en
chill	chill	en
ugli	ugly	en
save	save	en
tank	tank	en
servic	service	en
gasolin	gasoline	en
lullabi	lullaby	en
air	air	en
aim	aim	en
encontrar	encontrar	es
near	near	en
ain	ain?	ar
neat	neat	en
aid	aids	en
possess	possess	en
vagu	vague	en
anchor	anchor	en
della	della	it
spawn	spawn	en
histori	history	en
stink	stink	en
dizzi	dizzy	en
mexico	mexico	en
is	is	
ir	ir	
it	it	
sting	sting	en
ii	ii	
shame	shame	en
ik	ik	
brake	brakes	en
il	il	
jest	jest	pl
in	in	
amour	amour	fr
id	id	
disappear	disappear	en
if	if	
grown	grown	en
walkin	walkin'	en
bello	bello	it
quand	quand	fr
harmoni	harmony	en
credit	credit	en
perform	perform	en
make	make	en
mayb	maybe	en
wound	wounds	en
bella	bella	it
busca	busca	es
complex	complex	en
descend	descend	en
jungl	jungle	en
success	success	en
puttin	puttin'	en
superman	superman	en
jama	jamas	es
wheel	wheel	en
ello	ellos	es
fuss	fuss	en
evid	evidence	en
buscando	buscando	es
ingent	ingenting	sv
ella	ella	es
social	social	en
rail	rail	en
rain	rain	en
hand	hand	en
delight	delight	en
fuse	fuse	en
vieux	vieux	fr
jealous	jealous	en
burnin	burnin'	en
tide	tide	en
blister	blisters	en
tune	tune	en
kid	kids	en
butter	butter	en
groovi	groovy	en
dado	dado	es
kept	kept	en
soak	soaked	en
bewar	beware	en
placer	placer	es
itself	itself	en
taint	tainted	en
deixa	deixa	pt
ocean	ocean	en
contact	contact	en
mamma	mamma	sv
greatest	greatest	en
thi	thy	en
mother	mother	en
everyth	everything	en
hacen	hacen	es
rout	route	en
tha	tha	el
bonni	bonnie	en
letra	letra	es
background	background	en
givin	givin'	en
yea	yea	en
photo	photo	en
enjoy	enjoy	en
forsaken	forsaken	en
tão	tão	pt
monkey	monkey	en
kalt	kalt	de
farther	farther	en
human	human	en
yes	yes	en
yer	yer	tr
sleepi	sleepy	en
yet	yet	en
languag	language	en
sí	sí	
hai	hai	hi
sé	sé	
han	han	es
så	så	
sä	sä	
hab	hab	de
ela	ela	pt
had	had	en
ideal	ideal	en
voglio	voglio	it
ele	ele	pt
sensat	sensation	en
ooooh	ooooh	nl
shout	shout	en
spread	spread	en
board	board	en
endur	endure	en
els	else	en
har	har	sv
has	has	en
hat	hat	de
wissen	wissen	de
só	só	
gave	gave	en
egal	egal	de
lake	lake	en
unter	unter	de
assim	assim	pt
escuchar	escuchar	es
seel	seele	de
vaniti	vanity	en
there’	there’s	en
yeh	yeh	en
birth	birth	en
linda	linda	en
dreamt	dreamt	en
shadow	shadows	en
burnt	burnt	en
rumor	rumors	en
apart	apart	en
shoulder	shoulder	en
measur	measure	en
gift	gift	en
hunt	hunt	en
negat	negative	en
50	50	
deus	deus	pt
remind	remind	en
pavement	pavement	en
pasion	pasion	es
confid	confidence	en
night	night	en
hung	hung	en
amor	amor	pt
soar	soar	en
jean	jeans	en
right	right	en
old	old	en
ole	ole	fi
deal	deal	en
oli	oli	fi
fold	fold	en
crown	crown	en
somehow	somehow	en
dead	dead	en
tenemo	tenemos	es
revel	revelation	en
intern	international	en
dear	dear	en
bore	bored	en
bord	bord	fr
creer	creer	es
creep	creep	en
decirt	decirte	es
ici	ici	fr
ich	ich	de
for	for	en
bottom	bottom	en
drove	drove	en
ice	ice	en
foe	foe	en
fog	fog	hu
uma	uma	pt
overcom	overcome	en
convict	conviction	en
strada	strada	it
creatur	creature	en
leak	leak	en
vielleicht	vielleicht	de
bold	bold	en
peel	peel	en
suelo	suelo	es
quedo	quedo	es
insecur	insecure	en
coro	coro	it
buri	bury	en
corp	corps	fr
pensando	pensando	es
corr	corre	es
keeper	keeper	en
post	post	en
â	Â	
super	super	en
describ	describe	en
zur	zur	de
silhouett	silhouette	en
difícil	difícil	es
coast	coast	en
cowboy	cowboy	en
conceal	conceal	en
year	years	en
choke	choke	en
surround	surround	en
dinner	dinner	en
despair	despair	en
plus	plus	fr
algo	algo	es
horizon	horizon	en
cherish	cherish	en
mismo	mismo	es
commit	commit	en
esperar	esperar	es
coraz	coraz?	pl
produc	produced	en
zum	zum	de
lieb	liebe	de
telephon	telephone	en
aber	aber	de
cuor	cuore	it
soi	sois	fr
sock	sock	en
ahh	ahh	en
float	floating	en
som	som	sv
bound	bound	en
son	son	fr
down	down	en
loin	loin	fr
sou	sou	el
sow	sow	en
vuelv	vuelve	es
wrap	wrapped	en
chime	chime	en
encor	encore	fr
stall	stall	en
mass	mass	en
glaub	glaub	de
east	east	en
veneno	veneno	es
crowd	crowd	en
wah	wah	id
avait	avait	fr
frustrat	frustration	en
support	support	en
transform	transform	en
sunlight	sunlight	en
happi	happy	en
stuck	stuck	en
reli	rely	en
fought	fought	en
gib	gib	de
way	way	en
wax	wax	ku
jane	jane	en
call	call	en
wat	wat	nl
was	was	en
war	war	en
wrote	wrote	en
everlast	everlasting	en
head	head	en
form	form	en
offer	offer	en
forc	force	en
deaf	deaf	en
heal	heal	en
daß	daß	de
forg	forged	en
aqui	aqui	pt
fore	'fore	en
jive	jive	en
heat	heat	en
seguir	seguir	es
hear	hear	en
sparkl	sparkle	en
fors	forse	it
mirada	mirada	es
true	true	en
fort	fort	en
viva	viva	pt
electr	electric	en
duel	duele	es
vive	vive	es
born	born	en
vorrei	vorrei	it
layin	layin'	ha
daddi	daddy	en
vivo	vivo	pt
until	until	en
whiskey	whiskey	en
vivr	vivre	fr
absenc	absence	en
freund	freunde	de
trist	triste	es
retir	retire	en
lili	lily	en
labio	labios	es
pude	pude	es
proud	proud	en
weit	weit	de
lleva	lleva	es
petit	petit	fr
nobodi	nobody	en
unholi	unholy	en
sale	sale	en
salir	salir	es
miro	miro	es
exist	exist	en
cocain	cocaine	en
glanc	glance	en
prayer	prayer	en
furi	fury	en
desir	desire	en
ship	ship	en
20	20	
mold	mold	en
trip	trip	en
shit	shit	en
inde	indeed	en
gracia	gracias	es
leer	leer	es
depoi	depois	pt
floor	floor	en
na	na	
stake	stake	en
when	when	en
ne	ne	
actor	actor	en
til	'til	da
flood	flood	en
tin	tin	vi
role	role	en
communic	communication	en
jone	jones	en
tumbl	tumble	en
test	test	en
tie	tied	en
hangin	hangin'	tl
smell	smell	en
roll	roll	en
realiti	reality	en
tame	tame	ja
donât	donât	en
fou	fou	ca
dies	diese	de
felt	felt	en
dieu	dieu	fr
fell	fell	en
intent	intentions	en
reign	reign	en
consid	consider	en
mirando	mirando	es
siento	siento	es
balloon	balloon	en
billion	billion	en
grief	grief	en
younger	younger	en
receiv	receive	en
rabbit	rabbit	en
longer	longer	en
bullet	bullet	en
glass	glass	en
salt	salt	en
essenc	essence	en
licht	licht	nl
jacket	jacket	en
rough	rough	en
ignor	ignore	en
time	time	en
push	push	en
serious	serious	en
backward	backwards	en
daili	daily	en
gown	gown	en
sentimiento	sentimiento	es
chain	chain	en
caricia	caricias	es
skip	skip	en
rob	rob	en
celebr	celebrate	en
focus	focus	en
invent	invented	en
mile	miles	en
selbst	selbst	de
skin	skin	en
amar	amar	bn
chair	chair	en
rot	rot	de
milk	milk	en
row	row	en
macht	macht	de
decid	decide	en
middl	middle	en
ver	ver	es
ves	ves	sk
zone	zone	en
muito	muito	pt
flash	flash	en
father	father	en
puoi	puoi	it
dá	dá	
hurtin	hurtin'	en
decir	decir	es
decis	decision	en
rhythm	rhythm	en
ven	ven	da
veo	veo	es
vem	vem	pt
retreat	retreat	en
preciso	preciso	pt
shoot	shoot	en
sourc	source	en
string	string	en
jerk	jerk	en
olvidar	olvidar	es
nooit	nooit	nl
guarda	guarda	it
distant	distant	en
mourn	mourning	en
escucha	escucha	es
condit	condition	en
cook	cook	en
join	join	en
blast	blast	en
exact	exactly	en
rapper	rappers	en
cool	cool	en
dim	dim	cy
din	din	ro
dio	dios	es
captiv	captive	en
hour	hour	en
knockin	knockin'	nl
level	level	en
tear	tears	en
die	die	de
dig	dig	sv
dia	dia	pt
foi	fois	fr
p	p	
statu	statue	en
querer	querer	pt
larm	larmes	fr
diz	diz	pt
gut	gut	de
quick	quick	en
tongu	tongue	en
guy	guy	en
dip	dip	en
round	round	en
dir	dir	de
dis	dis	fr
shave	shave	en
cose	cose	it
brave	brave	en
regret	regret	en
cosa	cosa	it
core	core	en
trend	trend	en
sigh	sigh	en
boca	boca	es
sigo	sigo	es
sign	sign	en
everytim	everytime	en
cost	cost	en
sigu	sigue	es
worn	worn	en
hace	hace	es
patient	patiently	en
helpless	helpless	en
bake	bake	en
port	porte	fr
corazon	corazon	es
malo	malo	bs
vengo	vengo	es
mister	mister	en
queda	queda	es
mall	mall	en
melt	melt	en
uniform	uniform	en
current	current	en
stadt	stadt	de
ancient	ancient	en
nella	nella	it
indiffer	indifference	en
order	order	en
corn	corn	en
burn	burn	en
hart	hart	nl
frío	frío	es
drinkin	drinkin'	en
nen	n'en	sv
ridin	ridin'	en
french	french	en
bi	bi	
water	water	en
juro	juro	pt
melhor	melhor	pt
witch	witch	en
deceit	deceit	en
along	along	en
teacher	teacher	en
wait	waiting	en
box	box	en
boy	boy	en
insan	insane	en
fenc	fence	en
shove	shove	en
invit	invitation	en
bop	bop	en
shift	shift	en
runnin	runnin'	en
culpa	culpa	es
mutta	mutta	fi
screamin	screamin'	en
bow	bow	en
dêtre	d'être	fr
trial	trial	en
patienc	patience	en
bom	bom	pt
bon	bon	fr
boo	boo	en
dusti	dusty	en
colleg	college	en
bob	bob	en
deg	deg	no
guilti	guilty	en
pillow	pillow	en
ourselv	ourselves	en
love	love	en
savoir	savoir	fr
extra	extra	en
ilusión	ilusión	es
rattl	rattle	en
prefer	prefer	en
gesicht	gesicht	de
pasión	pasión	es
tête	tête	fr
fake	fake	en
fool	fool	en
tuesday	tuesday	en
peep	peep	en
market	market	en
bloodi	bloody	en
ando	ando	pt
wealth	wealth	en
memori	memories	en
sake	sake	en
saddl	saddle	en
univers	universe	en
visit	visit	en
impos	imposible	es
everybodi	everybody	en
live	live	en
vivir	vivir	es
prey	prey	en
everywher	everywhere	en
ahhh	ahhh	en
tape	tape	en
angri	angry	en
thru	thru	en
today	today	en
vous	vous	fr
capit	capital	en
jah	jah	et
riot	riot	en
club	club	en
peopl	people	en
ooo	ooo	en
claus	claus	en
lamor	l'amore	it
ooh	ooh	en
refrain	refrain	en
clue	clue	en
downtown	downtown	en
espero	espero	es
drown	drown	en
savior	savior	en
cuanto	cuanto	es
summertim	summertime	en
aun	aun	es
suffoc	suffocate	en
car	car	en
prepar	prepared	en
pretend	pretend	en
judg	judge	en
soul	soul	en
niggaz	niggaz	en
cat	cat	en
fli	fly	en
dyin	dyin'	en
sous	sous	fr
sour	sour	en
whatev	whatever	en
cabeza	cabeza	es
purpos	purpose	en
laughter	laughter	en
materi	material	en
cae	cae	es
heart	heart	en
favourit	favourite	en
stream	stream	en
corazón	corazón	es
noch	noch	de
livet	livet	sv
chip	chips	en
fuck	fuck	en
alleen	alleen	nl
perder	perder	es
heard	heard	en
stroke	stroke	en
chin	chin	en
o	o	
phrase	phrase	en
chemic	chemical	en
feelin	feelin'	en
juli	july	en
stole	stole	en
tar	tar	sv
pink	pink	en
winter	winter	en
soleil	soleil	fr
lifeless	lifeless	en
mehr	mehr	de
foul	foul	en
hippi	hippie	en
aquel	aquel	es
nyt	nyt	fi
write	write	en
alway	always	en
sunday	sunday	en
anyon	anyone	en
actual	actually	en
pure	pure	en
swore	swore	en
llego	llego	es
puro	puro	es
amanec	amanecer	es
afternoon	afternoon	en
map	map	en
mas	mas	pt
mar	mar	es
misma	misma	es
may	may	en
kopf	kopf	de
dive	dive	en
fed	fed	en
spot	spot	en
louder	louder	en
niemand	niemand	de
pattern	patterns	en
mad	mad	en
mag	mag	tl
mai	mais	pt
such	such	en
suck	suck	en
dove	dove	it
grow	grow	en
leve	leve	pt
man	man	en
stress	stress	en
rêve	rêve	fr
neck	neck	en
liquid	liquid	en
conscious	conscious	en
confus	confused	en
goal	goal	en
secur	security	en
favorit	favorite	en
avant	avant	fr
su	su	
st	st.	en
tale	tale	it
inform	information	en
switch	switch	en
etc	etc.	en
jail	jail	en
jaim	j'aime	fr
unleash	unleash	en
tall	tall	en
sa	sa	
ordinari	ordinary	en
talk	talk	en
drunken	drunken	en
cute	cute	en
manera	manera	es
shield	shield	en
anticip	anticipating	en
footstep	footsteps	en
etwa	etwas	de
midnight	midnight	en
agoni	agony	en
immer	immer	de
brain	brain	en
yearn	yearning	en
aha	aha	pl
lyric	lyrics	en
hacia	hacia	es
cold	cold	en
still	still	en
skeleton	skeleton	en
worship	worship	en
tore	tore	de
già	già	it
forma	forma	es
group	group	en
thumb	thumb	en
willow	willow	en
thang	thang	vi
torn	torn	en
jij	jij	nl
shakin	shakin'	en
lyin	lyin'	en
civil	civil	en
window	window	en
whole	whole	en
kaiken	kaiken	fi
maim	m'aimes	fr
mail	mail	en
main	main	en
bounc	bounce	en
insect	insects	en
augen	augen	de
nom	nom	fr
non	non	it
ahi	ahi	es
recal	recall	en
noi	noi	ro
smash	smash	en
javai	j'avais	fr
bein	bein'	ar
nog	nog	nl
shatter	shattered	en
dimmi	dimmi	it
sooner	sooner	en
sol	sol	es
underneath	underneath	en
lunch	lunch	en
sorriso	sorriso	pt
loneli	loneliness	en
conquer	conquer	en
tax	tax	en
disappoint	disappointed	en
not	don't	en
qu	qu'	zh-CN
now	now	en
twilight	twilight	en
hall	hall	en
nor	nor	en
nos	nos	pt
wont	wont	en
term	terms	en
name	name	en
servant	servant	en
mellow	mellow	en
frank	frank	en
drop	drop	en
vaan	vaan	fi
flown	flown	en
separ	separate	en
magazin	magazine	en
savag	savage	en
careless	careless	en
rock	rock	en
nois	noise	en
caminar	caminar	es
collaps	collapse	en
terr	terre	fr
keiner	keiner	de
em	'em	pt
el	el	
en	en	
ei	ei	
eh	eh	
replac	replace	en
eg	eg	
torch	torch	en
står	står	sv
yeah	yeah	en
bodi	body	en
mulher	mulher	pt
ey	ey	
begun	begun	en
ez	ez	
eu	eu	
et	et	
girl	girl	en
summon	summon	en
mommi	mommy	en
es	es	
er	er	
album	album	en
shown	shown	en
ambit	ambition	en
jackson	jackson	en
stitch	stitch	en
space	space	en
profit	profit	en
dort	dort	de
astray	astray	en
flesh	flesh	en
poco	poco	es
johnni	johnny	en
fazer	fazer	pt
bli	bli	sv
olvido	olvido	es
stell	stelle	it
uncl	uncle	en
bless	blessed	en
bla	bla	no
correct	correct	en
romanc	romance	en
screw	screw	en
diseas	disease	en
monster	monster	en
glimps	glimpse	en
tienen	tienen	es
sogno	sogno	it
septemb	september	en
million	million	en
seventh	seventh	en
argu	argue	en
auch	auch	de
g	g	
cari	cari	id
california	california	en
rebel	rebel	en
plea	plea	en
romant	romantic	en
allá	allá	es
cara	cara	id
grab	grab	en
card	cards	en
care	care	ro
imagin	imagine	en
funki	funky	en
gusta	gusta	es
sabor	sabor	es
luego	luego	es
don`t	don`t	en
punk	punk	en
refus	refuse	en
honest	honest	en
motion	motion	en
turn	turn	en
può	può	it
place	place	en
aboard	aboard	en
swing	swing	en
preach	preach	en
think	think	en
first	first	en
oper	operator	en
mucha	muchas	es
carri	carry	en
onc	once	en
mitä	mitä	fi
vient	vient	fr
ond	onde	pt
yourself	yourself	en
arriv	arrive	en
fast	fast	en
spanish	spanish	en
vote	vote	en
ring	ring	en
dreamin	dreamin'	en
open	open	en
tomorrow	tomorrow	en
ont	ont	fr
size	size	en
sheep	sheep	en
given	given	en
chanson	chanson	fr
sheet	sheets	en
christma	christmas	en
teenag	teenage	en
llegar	llegar	es
caught	caught	en
breed	breed	en
plastic	plastic	en
citi	city	en
silenc	silence	en
2	2	
tragic	tragic	en
breez	breeze	en
circl	circle	en
white	white	en
las	las	es
perdida	perdida	es
friend	friend	en
altro	altro	it
suert	suerte	es
hug	hug	en
sento	sento	it
that	that	en
season	season	en
hun	hun	nl
huh	huh	en
lhe	lhe	pt
eagl	eagle	en
spinnin	spinnin'	en
short	short	en
decemb	december	en
bajo	bajo	es
gin	gin	en
x2	(x2)	en
x3	(x3)	en
than	than	en
x4	(x4)	uz
boyfriend	boyfriend	en
serv	serve	en
wide	wide	en
gehn	gehn	de
12	12	
15	15	
plein	plein	fr
i’ll	i’ll	en
16	16	
jealousi	jealousy	en
gotta	gotta	en
r	r	
remors	remorse	en
balanc	balance	en
werd	werde	de
were	were	en
geht	geht	de
futuro	futuro	es
and	and	en
sai	sais	fr
não	não	pt
pra	pra	pt
ana	ana	az
angel	angel	en
slay	slay	en
saa	saa	fi
dass	dass	de
sag	sag	da
ani	any	en
slap	slap	en
sad	sad	bs
sull	sulle	it
woah	woah	en
say	say	en
slam	slam	en
rent	rent	en
deliv	deliver	en
anger	anger	en
allen	allen	de
breakfast	breakfast	en
saw	saw	en
sogni	sogni	it
sat	sat	en
nott	notte	it
hör	hör	sv
engin	engine	en
squar	square	en
advic	advice	en
notr	notre	fr
mitt	mitt	sv
jahr	jahre	de
kan	kan	sv
weiß	weiß	de
zoo	zoo	en
note	note	en
soñar	soñar	es
satellit	satellite	en
squad	squad	en
loca	loca	es
take	take	en
deux	deux	fr
fingertip	fingertips	en
destroy	destroy	en
concern	concerned	en
blunt	blunt	en
noth	nothing	en
channel	channel	en
surf	surf	en
miei	miei	it
begin	begin	en
sure	sure	en
pain	pain	en
trace	trace	en
normal	normal	en
track	track	en
ust	usted	es
price	price	en
knew	knew	en
wird	wird	de
paid	paid	en
butterfli	butterfly	en
champagn	champagne	en
cualquier	cualquier	es
pair	pair	en
knee	knees	en
america	america	en
bluebird	bluebird	en
på	på	
anch	anche	it
lawn	lawn	en
pathet	pathetic	en
rescu	rescue	en
angst	angst	de
egg	egg	en
alguna	alguna	es
later	later	en
drive	drive	en
tooth	tooth	en
sunset	sunset	en
greed	greed	en
axe	axe	fr
voodoo	voodoo	en
steadi	steady	en
hungri	hungry	en
shop	shop	en
perch	perche'	it
troi	trois	fr
shot	shot	en
show	show	en
cheat	cheat	en
need	need	en
olho	olhos	pt
cheap	cheap	en
estoy	estoy	es
bright	bright	en
shoe	shoes	en
corner	corner	en
trop	trop	fr
takin	takin'	en
estou	estou	pt
inn	inn	no
ground	ground	en
aint	aint	en
righteous	righteous	en
onli	only	en
slow	slow	en
unkind	unkind	en
stair	stairs	en
lua	lua	ro
dich	dich	de
pen	pen	en
himmel	himmel	de
dick	dick	en
joka	joka	fi
behind	behind	en
crime	crime	en
joli	jolie	fr
lumièr	lumière	fr
wood	wood	en
black	black	en
aina	aina	fi
stormi	stormy	en
när	när	sv
stain	stained	en
deseo	deseo	es
vuela	vuela	es
predict	predict	en
american	american	en
stay	stay	en
get	get	en
ventana	ventana	es
toca	toca	es
mission	mission	en
cannot	cannot	en
georg	george	en
gee	gee	af
lui	lui	ro
cryin	cryin'	en
geh	geh	de
gen	gens	fr
stroll	stroll	en
truli	truly	en
prime	prime	en
reveal	reveal	en
pistol	pistol	en
prima	prima	it
pimp	pimp	en
artist	artist	en
leather	leather	en
schwer	schwer	de
borrow	borrow	en
tension	tension	en
priest	priest	en
leur	leur	fr
sehn	sehn	de
silencio	silencio	es
dough	dough	en
where	where	en
husband	husband	en
figur	figure	en
dice	dice	es
burst	burst	en
station	station	en
conscienc	conscience	fr
seat	seat	en
asleep	asleep	en
honesti	honesty	en
seam	seams	en
contar	contar	es
sport	sport	en
sait	sait	fr
wonder	wonder	en
infinit	infinite	en
appear	appear	en
televis	television	en
crystal	crystal	en
label	label	en
cd	cd	
3	3	
estar	estar	es
between	between	en
llorar	llorar	es
import	important	en
yesterday	yesterday	en
ormai	ormai	it
across	across	en
fight	fight	en
vie	vie	fr
parent	parents	en
dinero	dinero	es
screen	screen	en
tus	tus	es
tut	tut	de
obscen	obscene	en
punto	punto	it
guitar	guitar	en
cycl	cycle	en
jo	jo	
comm	comme	fr
como	como	es
tuo	tuo	it
je	je	
spark	spark	en
comb	comb	en
come	come	en
tue	tue	it
vrai	vrai	fr
blame	blame	en
mond	monde	fr
superstar	superstar	en
canta	canta	es
useless	useless	en
tuck	tuck	en
quier	quieres	es
quiet	quiet	en
empezar	empezar	es
s	s	
tous	tous	fr
tout	tout	fr
aura	aura	fr
igen	igen	sv
quien	quien	es
mani	many	en
canción	canción	es
mann	mann	de
mano	mano	lt
among	among	en
você	você	pt
spoil	spoil	en
cancer	cancer	en
distancia	distancia	es
color	color	en
hypnot	hypnotized	en
pot	pot	ro
inspir	inspiration	en
cuando	cuando	es
insist	insist	en
messin	messin'	en
pon	pon	bg
jaw	jaw	en
pole	pole	et
featur	features	en
besoin	besoin	fr
poi	poi	it
fucker	fucker	en
constant	constant	en
comprehend	comprehend	en
boat	boat	en
damag	damage	en
mare	mare	ro
ultim	ultimate	en
seiz	seize	en
sest	s'est	fr
coupl	couple	en
stretch	stretch	en
west	west	en
oder	oder	de
suicid	suicide	en
ja	ja	
breath	breath	en
toss	toss	en
pourtant	pourtant	fr
qué	qué	es
venir	venir	fr
carv	carved	en
buscar	buscar	es
graveyard	graveyard	en
reaction	reaction	en
hurrican	hurricane	en
thousand	thousand	tl
valor	valor	pt
rubi	ruby	en
lamour	l'amour	fr
ceux	ceux	fr
tiger	tiger	en
wake	wake	en
rememb	remember	en
instant	instant	en
amant	amante	es
spirit	spirit	en
those	those	en
sound	sound	en
myself	myself	en
casa	casa	es
these	these	en
slumber	slumber	en
caso	caso	es
pobr	pobre	es
casi	casi	es
cash	cash	en
cree	crees	es
trick	trick	en
cast	cast	en
céu	céu	pt
scum	scum	en
vaikka	vaikka	fi
fim	fim	pt
cock	cock	en
spotlight	spotlight	en
buen	buen	es
pushin	pushin'	en
ive	ive	en
anytim	anytime	en
conmigo	conmigo	es
seein	seein'	en
muerto	muerto	es
soil	soil	en
convinc	convince	en
worri	worry	en
destin	destination	en
strain	strain	en
sudden	suddenly	en
eras	erase	en
soir	soir	fr
absurd	absurd	en
everyday	everyday	en
viento	viento	es
par	par	fr
pas	pas	fr
medio	medio	es
pay	pay	en
thinkin	thinkin'	en
medic	medication	en
bowl	bowl	en
tour	tour	en
same	same	en
check	check	en
gentlemen	gentlemen	en
food	food	en
extraño	extraño	es
heartbreak	heartbreak	en
blanket	blanket	en
motherfuckin	motherfuckin'	en
hecho	hecho	es
sucker	sucker	en
admir	admire	en
eventu	eventually	en
pal	pal	en
pan	pan	en
week	week	en
phantom	phantom	en
för	för	sv
oil	oil	en
kuinka	kuinka	fi
see	see	en
ni	ni	
sotto	sotto	it
itâ	itâs	en
nest	n'est	fr
driver	driver	en
someon	someone	en
weed	weed	en
driven	driven	en
dabei	dabei	de
disguis	disguise	en
weer	weer	nl
defi	defy	en
weep	weep	en
tenho	tenho	pt
handsom	handsome	en
drain	drain	en
cherri	cherry	en
no	no	
nothin	nothin'	en
justifi	justify	en
hustl	hustle	en
lento	lento	es
machen	machen	de
relief	relief	en
temptat	temptation	en
conoc	conoce	es
ces	ces	fr
model	model	en
reward	reward	en
sinner	sinner	en
taxi	taxi	en
summer	summer	en
violenc	violence	en
execut	execution	en
vamo	vamos	es
visto	visto	it
neon	neon	en
rest	rest	en
violent	violent	en
quién	quién	es
kill	kill	en
scrape	scrape	en
file	file	en
touch	touch	en
flavor	flavor	en
habrá	habrá	es
speed	speed	en
halfway	halfway	en
blow	blow	en
quella	quella	it
death	death	en
rosi	rosie	en
parad	parade	en
rose	rose	en
llanto	llanto	es
bobbi	bobby	en
quello	quello	it
except	except	en
littl	little	en
odio	odio	la
instrument	instrumental	en
ghetto	ghetto	en
pile	pile	en
4	4	
iâ	iÂ'm	en
verso	verso	it
wär	wär	de
struck	struck	en
llorando	llorando	es
determin	determined	en
pill	pills	en
kingdom	kingdom	en
ditt	ditt	sv
mucho	mucho	es
rejoic	rejoice	en
frown	frown	en
amo	amo	pt
damnat	damnation	en
ama	ama	tr
por	por	es
lado	lado	es
ladi	lady	en
gonna	gonna	en
dart	darte	es
dark	dark	en
moi	moi	fr
temperatur	temperature	en
traffic	traffic	en
pop	pop	en
mom	mom	en
darl	darling	en
libr	libre	es
railroad	railroad	en
leva	leva	pt
reap	reap	en
dare	dare	it
meat	meat	en
saniti	sanity	en
duti	duty	en
beggin	beggin'	en
stranger	stranger	en
wel	wel	nl
kickin	kickin'	en
twin	twin	en
shelf	shelf	en
nu	nu	
chamber	chamber	en
oblivion	oblivion	en
maker	maker	en
t	t	
hallelujah	hallelujah	en
whatcha	whatcha	en
opportun	opportunity	en
claw	claws	en
morena	morena	pt
manag	manage	en
clap	clap	en
emerg	emergency	en
fulfil	fulfill	en
wonderin	wonderin'	en
doll	doll	en
soy	soy	es
iâm	iâm	en
muscl	muscle	en
butt	butt	en
nombr	nombre	es
naar	naar	nl
root	roots	en
radiat	radiation	en
buzz	buzz	en
freez	freeze	en
besser	besser	de
slice	slice	en
lotta	lotta	it
drank	drank	en
easili	easily	en
noon	no-one	en
hoje	hoje	pt
slick	slick	en
legal	legal	en
moon	moon	en
meiner	meiner	de
‘caus	‘cause	en
teardrop	teardrops	da
exit	exit	en
runaway	runaway	en
är	är	
devot	devotion	en
complic	complicated	en
knife	knife	en
power	power	en
raus	raus	de
dicen	dicen	es
garbag	garbage	en
sido	sido	es
earn	earn	en
slaughter	slaughter	en
quem	quem	pt
broken	broken	en
habe	habe	de
nós	nós	pt
throw	throw	en
nosotro	nosotros	es
oo	oo	
on	on	
om	om	
ol	ol'	tr
wolv	wolves	en
abus	abuse	en
oi	oi	
oh	oh	
og	og	
of	of	
ach	aching	en
ohoh	oh-oh	en
ob	ob	
greater	greater	en
meal	meal	en
chop	chop	en
degre	degree	en
intens	intense	en
wolf	wolf	en
stand	stand	en
neighbor	neighbors	en
roam	roam	en
ow	ow	
ou	ou	
luck	luck	en
os	os	
or	or	
road	road	en
op	op	
routin	routine	en
anybodi	anybody	en
esser	essere	it
press	press	en
misti	misty	en
mari	mary	en
honki	honky	en
amiga	amiga	pt
strip	strip	en
effort	effort	en
uptown	uptown	en
nurs	nurse	en
mark	mark	en
your	your	en
restless	restless	en
het	het	nl
scorn	scorn	en
nein	nein	de
her	her	en
gleam	gleam	en
saudad	saudade	pt
there	there	en
lon	l'on	tr
hey	hey	en
start	start	en
fascin	fascination	en
starv	starving	en
low	low	en
lot	lot	en
lou	lou	en
hem	hem	nl
valley	valley	en
escapar	escapar	gl
yah	yah	id
gain	gain	en
lang	lang	tl
bottl	bottle	en
dormir	dormir	es
enough	enough	en
stupid	stupid	en
regard	regard	en
amongst	amongst	en
soledad	soledad	es
gibt	gibt	de
gore	gore	bs
dolor	dolor	la
fighter	fighter	en
with	with	en
conclus	conclusion	en
faster	faster	en
pull	pull	en
rush	rush	en
darken	darkened	en
dirti	dirty	en
joint	joint	en
rage	rage	en
vice	vice	en
ember	embers	en
tellin	tellin'	en
flirt	flirt	en
agora	agora	pt
grasp	grasp	en
grass	grass	en
rust	rust	en
connect	connection	en
gone	gone	en
ohn	ohne	de
ab	ab	
ohh	ohh	en
ad	ad	
fright	fright	en
ai	ai	
ah	ah	
am	am	
al	al	
deep	deep	en
nerv	nerve	en
sacr	sacred	en
tengo	tengo	es
intro	intro:	en
au	au	
uit	uit	nl
aw	awful	en
av	av	
ay	ay	
deed	deeds	en
az	az	
rearrang	rearrange	en
flock	flock	en
film	film	en
fill	fill	en
abyss	abyss	en
jingl	jingle	en
coração	coração	pt
idiot	idiot	en
forsak	forsake	en
repent	repent	en
rubber	rubber	en
field	fields	en
5	5	
vad	vad	sv
you	you	en
trash	trash	en
babylon	babylon	en
10	10	
poor	poor	en
shelter	shelter	en
domani	domani	it
symbol	symbol	en
teeth	teeth	en
drift	drifting	en
m	m	
terra	terra	it
keepin	keepin'	en
peak	peak	en
mentira	mentira	es
sulla	sulla	it
lair	l'air	fr
peac	peace	en
pool	pool	en
lipstick	lipstick	en
meadow	meadow	en
wife	wife	en
thorn	thorns	en
flyin	flyin'	en
mask	mask	en
mash	mash	ar
moonlight	moonlight	en
mentr	mentre	it
u	u	
pierc	pierce	en
castl	castle	en
alright	alright	en
escap	escape	en
apathi	apathy	en
togeth	together	en
all	all	en
diss	diss	en
liar	liar	id
forget	forget	en
cough	cough	en
ali	ali	sl
forbidden	forbidden	en
lack	lack	en
dollar	dollar	en
correr	correr	es
fuego	fuego	es
ciudad	ciudad	es
dish	dish	en
follow	follow	en
sueño	sueño	es
lace	lace	en
sung	sung	vi
carpet	carpet	en
habla	habla	es
corps	corpse	en
ty	ty	
imma	imma	mt
tu	tu	
dieser	dieser	de
to	to	
tail	tail	en
program	program	en
ti	ti	
crimson	crimson	en
smile	smile	en
kvar	kvar	sv
te	te	
knot	knot	en
oss	oss	no
introduc	introduce	en
ta	ta	
faz	faz	pt
ninguém	ninguém	pt
vers	verse	en
woman	woman	en
estaba	estaba	es
vert	verte	fr
song	song	en
far	far	en
horror	horror	en
fat	fat	en
sono	sono	it
vera	veras	es
we’r	we’re	en
hypocrit	hypocrite	en
fai	fais	fr
einmal	einmal	de
verd	verde	it
fall	fall	en
veri	very	en
ayer	ayer	es
ticket	ticket	en
strang	strange	en
strand	stranded	en
trigger	trigger	en
gott	gott	sv
pueblo	pueblo	es
heaven	heaven	en
alma	alma	es
harri	harry	en
list	list	en
fatto	fatto	it
forti	forty	en
nossa	nossa	pt
sang	sang	vi
sand	sand	en
sane	sane	en
small	small	en
lisa	lisa	et
buck	buck	en
stumbl	stumble	en
ora	ora	it
quun	qu'un	fr
dimens	dimension	en
neighborhood	neighborhood	en
tem	tem	pt
ten	ten	pl
haar	haar	nl
tea	tea	en
volar	volar	es
paso	paso	es
vete	vete	sq
past	past	en
strung	strung	en
zero	zero	en
pressur	pressure	en
design	design	en
pass	pass	en
further	further	en
ter	ter	pt
tes	tes	fr
mill	mille	et
ribbon	ribbons	en
belief	belief	en
excit	excited	en
what	what	en
stood	stood	en
microphon	microphone	en
clock	clock	en
nana	nana	ja
sun	sun	en
sum	sum	en
sul	sul	it
abl	able	en
quelqu	quelques	fr
sui	suis	fr
fleur	fleurs	fr
crush	crush	en
public	public	en
abr	abre	pt
version	version	en
sus	sus	es
sur	sur	fr
deepli	deeply	en
ang	ang	tl
method	method	en
jede	jede	de
movement	movement	en
full	full	en
themselv	themselves	en
nena	nena	es
tragedi	tragedy	en
vale	vale	pt
kimi	kimi	az
heb	heb	nl
aquello	aquellos	es
immort	immortal	en
trunk	trunk	en
hast	hast	de
depend	depend	en
goodby	goodbye	en
standard	standard	en
legend	legend	en
valu	value	en
leav	leave	en
arena	arena	en
search	searching	en
graviti	gravity	en
ahead	ahead	en
miseri	misery	en
whine	whine	en
brutal	brutal	en
premier	premier	fr
soldier	soldier	en
base	base	en
près	près	fr
durch	durch	de
pick	pick	en
action	action	en
narrow	narrow	en
medicin	medicine	en
via	via	en
depart	departed	en
declin	decline	en
vez	vez	es
hogi	hogy	hu
africa	africa	en
vil	vil	da
él	él	
és	és	
ask	ask	en
voyag	voyage	fr
send	send	en
famili	family	en
demis	demise	en
asi	asi	cs
tutto	tutto	it
eye	eyes	en
tutti	tutti	it
liber	liberate	en
faint	faint	en
two	two	en
mort	mort	fr
pearl	pearls	en
morn	morning	en
6	6	
taken	taken	en
fr	fr	
minor	minor	en
more	more	en
teen	teen	en
tryna	tryna	en
flaw	flaws	en
diamond	diamond	en
door	door	nl
alltid	alltid	sv
mire	mire	hu
hundr	hundred	en
hurri	hurry	en
mira	mira	es
askin	askin'	tr
terror	terror	en
flag	flag	en
stick	stick	en
broke	broke	en
aris	arise	en
known	known	en
compani	company	en
doom	doom	en
komm	komm	de
estribillo	estribillo	es
glad	glad	en
don’t	don’t	en
town	town	en
mí	mí	
none	none	en
thread	thread	en
eden	eden	tr
hous	house	en
ça	ça	
der	der	de
des	des	fr
det	det	sv
dew	dew	en
dei	dei	it
remain	remain	en
del	del	es
dem	dem	de
den	den	de
learn	learn	en
abandon	abandoned	en
male	male	en
dee	dee	ar
enfant	enfants	fr
mala	mala	es
explod	explode	en
orlean	orleans	en
shark	shark	en
bam	bam	en
wieder	wieder	de
rua	rua	pt
brown	brown	en
challeng	challenge	en
share	share	en
accept	accept	en
autumn	autumn	en
fiddl	fiddle	en
azul	azul	es
poni	pony	en
wet	wet	en
explor	explore	en
explos	explosion	en
pone	pone	es
sharp	sharp	en
scar	scars	en
dress	dress	en
condemn	condemned	en
toni	tony	en
siren	sirens	en
cours	course	en
court	court	en
untru	untrue	en
divid	divide	en
rather	rather	en
anoth	another	en
comfort	comfort	en
breast	breast	en
divin	divine	en
voltar	voltar	pt
fame	fame	en
musica	musica	it
cling	cling	en
calma	calma	es
vorbei	vorbei	de
oye	oye	es
strong	strong	en
simpl	simple	en
needl	needle	en
unabl	unable	en
plant	plant	en
okay	okay	en
eterno	eterno	pt
rude	rude	en
whirl	whirl	en
our	our	en
blacken	blackened	en
sneak	sneak	en
reflect	reflection	en
fa	fa	
plane	plane	en
embrac	embrace	en
fe	fe	
numb	numb	en
quisiera	quisiera	es
fi	fi	
maar	maar	nl
bloom	bloom	en
sehen	sehen	de
fo	fo	
a	a	
planet	planet	en
circumst	circumstance	en
twelv	twelve	en
kein	kein	de
read	read	en
coat	coat	en
doctor	doctor	en
children	children	en
combin	combination	en
dragon	dragon	en
caus	'cause	en
coal	coal	en
shore	shore	en
ego	ego	en
dread	dread	en
shade	shade	en
media	media	en
aller	aller	fr
minuto	minuto	es
dream	dream	en
paz	paz	es
herida	herida	es
ding	ding	nl
help	help	en
pant	pants	en
somo	somos	es
soon	soon	en
trade	trade	en
held	held	en
paper	paper	en
through	through	en
sere	sere	it
pane	pane	it
hell	hell	en
perhap	perhaps	en
suffer	suffer	en
realiz	realize	en
24	24	
style	style	en
meinen	meinen	de
pens	pense	fr
glide	glide	en
sopra	sopra	it
late	late	en
grade	grade	en
allt	allt	sv
lucif	lucifer	en
pena	pena	pt
lontano	lontano	it
speech	speech	en
bout	'bout	fr
team	team	en
might	might	en
alter	alter	de
suppli	supply	en
yi	yi	
ant	antes	es
good	good	en
return	return	en
yo	yo	
ya	ya	
mientra	mientras	es
pollut	pollution	en
ye	ye	
uhh	uhh	en
miedo	miedo	es
ficar	ficar	pt
somebodi	somebody	en
laiss	laisse	fr
dedo	dedos	es
farewel	farewell	en
foot	foot	en
disgrac	disgrace	en
musiqu	musique	fr
adventur	adventure	en
complain	complain	en
bigger	bigger	en
virtu	virtue	en
tuoi	tuoi	it
fairi	fairy	en
2x	(2x)	sv
donc	donc	fr
vara	vara	sv
porta	porta	it
mysteri	mystery	en
did	did	en
achiev	achieve	en
naughti	naughty	en
eager	eager	en
teas	tease	en
ceas	cease	en
found	found	en
friendship	friendship	en
breakdown	breakdown	en
harm	harm	en
shock	shock	en
england	england	en
mental	mental	en
weight	weight	en
meaningless	meaningless	en
colder	colder	en
fish	fish	en
hard	hard	en
idea	idea	en
terrifi	terrified	en
realli	really	en
heavi	heavy	en
sober	sober	en
toda	toda	es
finish	finish	en
expect	expect	en
fist	fist	en
aldrig	aldrig	da
into	into	en
energi	energy	en
beyond	beyond	en
todo	todo	es
nosso	nosso	pt
flower	flowers	en
safeti	safety	en
alcohol	alcohol	en
suprem	supreme	en
glitter	glitter	en
dónde	dónde	es
princ	prince	en
bubbl	bubble	en
si	si	
health	health	en
hill	hill	en
7	7	
print	print	en
tí	tí	
san	sans	fr
highway	highway	en
ass	ass	en
pum	pum	cy
bald	bald	de
bass	bass	en
dirt	dirt	en
pue	pues	es
friday	friday	en
guess	guess	en
dune	d'une	fr
ness	ness	en
mmm	mmm	en
dit	dit	nl
reason	reason	en
heroin	heroin	en
será	será	pt
believ	believe	en
dire	dire	fr
put	put	en
teach	teach	en
ash	ashes	en
pasado	pasado	es
sidewalk	sidewalk	en
thrown	thrown	en
alt	alt	da
legion	legions	en
prophet	prophet	en
fearless	fearless	en
so	so	
voor	voor	nl
struggl	struggle	en
sicken	sickening	en
deje	dejes	es
wither	withered	en
cloudi	cloudy	en
w	w	
dejo	dejo	es
heartbeat	heartbeat	en
lifetim	lifetime	en
fallen	fallen	en
virgin	virgin	en
feed	feed	en
sympathi	sympathy	en
major	major	en
bonito	bonito	pt
dont	dont	fr
hopin	hopin'	sq
wilder	wilderness	en
feel	feel	en
nach	nach	de
number	number	en
evolut	evolution	en
feet	feet	en
cada	cada	es
sailor	sailor	en
done	done	en
dond	donde	es
dong	dong	vi
blank	blank	en
guard	guard	en
mist	mist	en
miss	miss	en
fanci	fancy	en
donn	donne	it
passer	passer	fr
razor	razor	en
differ	different	en
killin	killin'	en
kom	kom	sv
guest	guest	en
jet	jet	en
nome	nome	pt
blossom	blossom	en
avec	avec	fr
mont	monte	it
least	least	en
collar	collar	en
player	player	en
contra	contra	es
stori	story	en
robe	robe	fr
jeg	jeg	no
storm	storm	en
ze	ze	
mama	mama	zh-CN
master	master	en
scheme	scheme	en
jen	j'en	fr
banana	banana	en
store	store	en
pare	pare	ro
parc	parce	fr
saint	saint	en
para	para	es
pump	pump	en
month	months	en
hotel	hotel	en
park	park	en
música	música	pt
asshol	asshole	en
za	za	
mmmm	mmmm	en
då	då	
corpo	corpo	pt
part	part	en
prend	prends	fr
twenti	twenty	en
schon	schon	de
grace	grace	en
reliev	relieve	en
king	king	en
kind	kind	en
b	b	
sta	sta	it
whenev	whenever	en
perfum	perfume	en
remov	remove	en
sto	sto	bs
dans	danse	fr
aah	aah	ar
vocal	vocal	en
horizont	horizonte	pt
youth	youth	en
bride	bride	en
asham	ashamed	en
stalk	stalking	en
esquina	esquina	es
pienso	pienso	es
ô	ô	
danc	dance	en
weapon	weapon	en
contr	contre	fr
outta	outta	en
atmospher	atmosphere	en
belli	belly	en
croi	crois	fr
aussi	aussi	fr
queria	queria	pt
complet	complete	en
blond	blonde	en
dedic	dedicated	en
steht	steht	de
piensa	piensa	es
sell	sell	en
lie	lies	en
advanc	advance	en
jour	jour	fr
built	built	en
dude	dude	en
blanco	blanco	es
lil	lil'	en
blanca	blanca	es
self	self	en
euch	euch	de
couch	couch	en
lit	lit	fr
also	also	en
liv	liv	sv
without	without	en
pasar	pasar	id
build	build	en
command	command	en
waitin	waitin'	en
play	play	en
parl	parle	fr
sleepin	sleepin'	en
tuve	tuve	es
kad	kad	lt
victim	victim	en
english	english	en
reach	reach	en
chart	charts	en
essa	essa	pt
perro	perro	es
virus	virus	en
3x	(3x)	ar
charm	charm	en
pari	paris	fr
diferent	diferente	pt
suitcas	suitcase	en
glück	glück	de
charg	charge	en
amaz	amazing	en
ka	ka	
ke	ke	
minha	minha	pt
unspoken	unspoken	en
clear	clear	en
minä	minä	fi
destruct	destruction	en
clean	clean	en
repli	reply	en
weigh	weigh	en
barrel	barrel	en
i`m	i`m	en
nube	nubes	es
gleich	gleich	de
nessuno	nessuno	it
gold	gold	en
tener	tener	es
melodi	melody	en
flicker	flicker	en
croir	croire	fr
gefühl	gefühl	de
golp	golpe	es
há	há	
quedan	quedan	es
fino	fino	it
finn	finns	sv
ojo	ojos	es
font	font	fr
fine	fine	en
find	find	en
paus	pause	en
giant	giant	en
sayin	sayin'	en
pretti	pretty	en
sentenc	sentence	en
nervous	nervous	en
bonheur	bonheur	fr
writer	writer	en
solut	solution	en
quel	quel	it
vision	vision	en
piedra	piedra	es
beat	beat	en
jazz	jazz	en
quer	quer	pt
traum	traum	de
betray	betrayed	en
money	money	en
8	8	
unhappi	unhappy	en
gå	gå	
hip	hip	en
shepherd	shepherds	en
remedi	remedy	en
his	his	en
hit	hit	en
mein	mein	de
bend	bend	en
express	express	en
estrella	estrellas	es
famous	famous	en
grew	grew	en
hid	hid	en
stir	stir	en
compass	compassion	en
jetzt	jetzt	de
jsui	j'suis	fr
hij	hij	nl
silk	silk	en
sunni	sunny	en
him	him	en
hin	hin	de
merci	mercy	en
appeal	appeal	en
timeless	timeless	en
foto	foto	id
proclaim	proclaim	en
enemi	enemy	en
booz	booze	en
geld	geld	de
common	common	en
gotten	gotten	en
verdad	verdad	es
nowher	nowhere	en
hon	hon	sv
sew	sew	en
seventeen	seventeen	en
set	set	en
art	art	en
ser	ser	pt
delus	delusion	en
creator	creator	en
overwhelm	overwhelmed	en
jade	jaded	en
vine	vine	ro
around	around	en
grey	grey	en
bara	bara	sv
idol	idol	en
lion	lion	en
sed	sed	la
dumb	dumb	en
are	are	en
sea	sea	en
tender	tender	en
close	close	en
laat	laat	nl
aunqu	aunque	es
arm	arms	en
sei	sei	de
seh	seh	de
seal	seal	en
project	projects	en
movin	movin'	en
spiritu	spiritual	en
fuist	fuiste	es
dann	dann	de
someth	something	en
wail	wail	en
guitarra	guitarra	es
case	case	en
woo	woo	en
won	won	en
woh	woh	en
lei	lei	ro
woe	woe	en
guilt	guilt	en
hold	hold	en
experi	experience	en
dein	dein	de
kneel	kneel	en
piss	piss	en
concentr	concentrate	en
soll	soll	de
makeup	makeup	en
shinin	shinin'	ja
iron	iron	en
goddamn	goddamn	en
barrio	barrio	es
sold	sold	en
sole	sole	en
isol	isolation	en
sola	sola	es
spray	spray	en
samba	samba	pt
arrang	arranged	en
ikk	ikke	no
jeder	jeder	de
cristal	cristal	es
purpl	purple	en
tres	tres	es
että	että	fi
sufrir	sufrir	es
both	both	en
c	c	
toward	towards	en
last	last	en
thou	thou	en
breakin	breakin'	en
alon	alone	en
troppo	troppo	it
foreign	foreign	en
alor	alors	fr
razón	razón	es
secreto	secreto	es
forgotten	forgotten	en
¿qué	¿qué	es
bond	bond	en
afar	afar	is
blaze	blaze	en
load	load	en
gypsi	gypsy	en
childhood	childhood	en
simpli	simply	en
reject	reject	en
point	point	en
olla	olla	fi
sweet	sweet	en
sweep	sweep	en
rosa	rosa	it
dancer	dancer	en
majesti	majesty	en
church	church	en
rave	rave	en
mistak	mistake	en
pensamiento	pensamiento	es
bridg	bridge	en
deceiv	deceive	en
belt	belt	en
sonrisa	sonrisa	es
worthless	worthless	en
devil	devil	en
filth	filth	en
dum	dum	eo
dun	d'un	fr
pu	pu	
dub	dub	en
blink	blink	en
due	due	en
empti	empty	en
miser	miserable	en
depui	depuis	fr
whom	whom	en
secret	secret	en
pa	pa	
damn	damn	en
pe	pe	
threaten	threatening	en
brick	brick	en
pi	pieds	fr
po	po'	ru
woke	woke	en
dame	dame	en
firm	firm	en
invis	invisible	en
sweetheart	sweetheart	en
modern	modern	en
flight	flight	en
champion	champion	en
gay	gay	en
pronto	pronto	es
fire	fire	en
infect	infected	en
imag	image	en
aprè	après	fr
gas	gas	en
gar	gar	de
demasiado	demasiado	es
gal	gal	lt
understand	understand	en
occhi	occhi	it
vuol	vuole	it
demand	demand	en
educ	education	en
cantar	cantar	es
funk	funk	en
convers	conversation	en
highest	highest	en
stolen	stolen	en
ignit	ignite	en
look	look	en
tambien	tambien	es
cur	cur	en
solid	solid	en
straight	straight	en
bill	bill	en
här	här	sv
crazi	crazy	en
rope	rope	en
pace	pace	en
while	while	en
caress	caress	en
kick	kick	en
abov	above	en
error	error	en
fun	fun	en
fleet	fleeting	en
sombra	sombra	es
ruido	ruido	es
andar	andar	pt
everyon	everyone	en
pack	pack	en
grip	grip	en
gimm	gimme	en
pound	pound	en
esperanza	esperanza	es
readi	ready	en
mystic	mystic	en
von	von	de
demon	demons	en
voi	vois	fr
rip	rip	en
feliz	feliz	pt
rio	rio	pt
vow	vow	en
vor	vor	de
centuri	century	en
decay	decay	en
rid	rid	en
vanish	vanish	en
anguish	anguish	en
ohhhh	ohhhh	tl
voz	voz	es
chase	chase	en
wrath	wrath	en
resurrect	resurrection	en
importa	importa	es
starlight	starlight	en
grant	granted	en
belong	belong	en
butcher	butcher	en
funni	funny	en
basta	basta	it
grand	grand	fr
9	9	
ray	ray	en
boom	boom	en
memphi	memphis	en
higher	higher	en
pray	pray	en
caer	caer	es
appreci	appreciate	en
tower	tower	en
itch	itch	en
mountain	mountain	en
camera	camera	en
defeat	defeat	en
se	se	
haus	haus	de
moment	moment	en
000	000	en
seren	serenity	en
extrem	extreme	en
giorni	giorni	it
mot	mots	fr
giorno	giorno	it
weird	weird	en
adentro	adentro	es
haga	haga	es
lower	lower	en
older	older	en
primavera	primavera	it
adesso	adesso	it
spent	spent	en
hago	hago	es
person	person	en
cheer	cheer	en
chees	cheese	en
elev	elevator	en
f	f	
y	y	
revolv	revolver	en
tast	taste	en
spend	spend	en
howl	howling	en
mon	mon	fr
i’m	i’m	en
coup	coup	fr
chord	chords	en
burden	burden	en
blur	blur	en
tanto	tanto	es
claro	claro	es
obscur	obscure	en
nuestra	nuestra	es
shape	shape	en
you´r	you´re	en
world	world	en
i’v	i’ve	tr
unto	unto	en
nuestro	nuestro	es
wage	wage	en
cut	cut	en
cup	cup	en
ciel	ciel	fr
cuz	cuz	en
calor	calor	es
havin	havin'	en
arriba	arriba	es
grin	grin	en
voll	voll	de
snap	snap	en
hombr	hombre	es
cum	cum	ro
hater	haters	en
bin	bin	de
wil	wil	nl
march	march	en
maria	maria	pt
amart	amarte	es
bleibt	bleibt	de
bid	bid	en
sittin	sittin'	en
almighti	almighty	en
lovin	lovin'	en
judgement	judgement	en
game	game	en
quest	quest	en
volver	volver	es
warmth	warmth	en
bit	bit	en
awaken	awaken	en
bir	bir	tr
paint	paint	en
vino	vino	es
bruis	bruised	en
knock	knock	en
d	d	
spine	spine	en
confront	confront	en
signal	signal	en
clay	clay	en
glove	glove	en
strife	strife	en
chorus	chorus	en
collect	collect	en
een	een	nl
conceiv	conceive	en
donna	donna	it
gloom	gloom	en
sleigh	sleigh	en
cruis	cruise	en
foolish	foolish	en
parar	parar	pt
mighti	mighty	en
often	often	en
mía	mía	es
mío	mío	es
spring	spring	en
christian	christian	en
creation	creation	en
some	some	en
back	back	en
understood	understood	en
palm	palm	en
loser	loser	en
sight	sight	en
mirror	mirror	en
wonderland	wonderland	en
curious	curious	en
surpris	surprise	en
pale	pale	en
senseless	senseless	en
rien	rien	fr
scale	scale	en
chocol	chocolate	en
maiden	maiden	en
encuentro	encuentro	es
schön	schön	de
pet	pet	en
peu	peu	fr
ave	ave	en
shall	shall	en
medo	medo	pt
per	per	it
religion	religion	en
pelo	pelo	pt
sagen	sagen	de
larg	large	en
undon	undone	en
anni	annie	en
fuori	fuori	it
vece	veces	es
pela	pela	pt
kai	kai	el
anna	anna	en
either	either	en
machin	machine	en
be	be	
sixteen	sixteen	en
run	run	en
ba	ba	
rum	rum	sv
rub	rub	ru
word	words	en
bo	bo	
rug	rug	en
rue	rue	fr
nuevo	nuevo	es
bu	bu	
step	step	en
weil	weil	de
hän	hän	fi
squeez	squeeze	en
santa	santa	en
starri	starry	en
santo	santo	pt
crap	crap	en
carol	carol	en
by	by	
nueva	nueva	es
shine	shine	en
faith	faith	en
candl	candle	en
mão	mão	pt
most	most	en
searchin	searchin'	en
bist	bist	de
perd	perd	fr
shini	shiny	en
brooklyn	brooklyn	en
valentin	valentine	en
drama	drama	en
duda	duda	es
idl	idle	en
dine	dine	da
heel	heels	en
pudiera	pudiera	es
wanna	wanna	en
block	block	en
sua	sua	pt
miracl	miracle	en
genocid	genocide	en
real	real	en
fan	fan	en
pero	pero	es
hermano	hermano	es
within	within	en
usual	usually	en
momma	momma	en
jimmi	jimmy	en
fallin	fallin'	en
chang	change	en
lesson	lesson	en
ann	ann	en
alguém	alguém	pt
stench	stench	en
holla	holla	en
desol	desolate	en
tú	tú	
ao	ao	
allí	allí	es
tô	tô	
question	question	en
pierdo	pierdo	es
submit	submit	en
liegt	liegt	de
feu	feu	fr
parec	parece	es
keinen	keinen	de
suit	suit	en
forward	forward	en
mach	mach	ar
qua	qua	vi
poder	poder	es
tá	tá	
aqu	aqu	es
mutil	mutilation	en
himself	himself	en
an	an	
ditch	ditch	en
ascend	ascend	en
frost	frost	en
heartach	heartache	en
won’t	won’t	en
carn	carne	es
cloth	clothes	en
dulc	dulce	es
doi	dois	pt
link	link	en
translat	translation	en
tenert	tenerte	es
atom	atomic	en
line	line	en
reel	reel	en
dull	dull	en
hush	hush	en
skull	skull	en
ut	ut	
up	up	
us	us	
ur	ur	
um	um	
un	un	
uh	uh	
holler	holler	en
z	z	
ki	ki	
bath	bath	en
necesito	necesito	es
v	v	
freak	freak	en
curs	curse	en
youâr	youâre	en
flow	flow	en
haunt	haunt	en
repres	represent	en
scarlet	scarlet	en
cure	cure	en
jétai	j'étais	fr
chat	chat	en
playin	playin'	en
curl	curl	en
hospit	hospital	en
prevail	prevail	en
curtain	curtain	en
kaikki	kaikki	fi
cotton	cotton	en
cuento	cuento	es
rainbow	rainbow	en
peter	peter	en
gris	gris	fr
nah	nah	id
nai	n'ai	fr
são	são	pt
nao	nao	pt
cuenta	cuenta	es
tard	tarde	es
vou	vou	pt
nas	nas	pt
raini	rainy	en
yang	yang	id
bear	bear	en
recordar	recordar	es
grind	grind	en
swirl	swirling	en
propheci	prophecy	en
mock	mock	en
nice	nice	en
dale	dale	en
draw	draw	en
oon	oon	ar
più	più	it
lend	lend	en
ritmo	ritmo	es
missin	missin'	en
papa	papa	it
william	williams	en
drag	drag	en
est	est	fr
cè	c'è	it
worm	worm	en
año	años	es
leaf	leaf	en
tua	tua	it
desert	desert	en
problema	problema	es
mood	mood	en
ago	ago	en
lane	lane	en
land	land	en
e	e	
sore	sore	en
age	age	en
sve	sve	bs
gehen	gehen	de
oppress	oppression	en
depth	depths	en
enslav	enslaved	en
hah	hah	en
restor	restore	en
fresh	fresh	en
hello	hello	en
passé	passé	fr
code	code	en
anda	anda	id
edg	edge	en
ganz	ganz	de
scratch	scratch	en
dime	dime	en
letzt	letzte	de
quero	quero	pt
alien	alien	en
ge	ge	
gana	ganas	es
gang	gang	no
ga	ga	
vuelto	vuelto	es
go	go	
psycho	psycho	en
meinem	meinem	de
senti	senti	pt
gi	gi	
privat	private	en
espera	espera	es
coeur	coeur	fr
young	young	en
llora	llora	es
nose	nose	en
oclock	o'clock	en
bum	bum	en
alto	alto	es
becam	became	en
sens	sense	en
fatal	fatal	en
sent	sent	en
inject	inject	en
zurück	zurück	de
aprend	aprender	es
garden	garden	en
sempr	sempre	it
noos	noose	en
rhyme	rhyme	en
agua	agua	es
wave	wave	en
mous	mouse	en
forgiven	forgiven	en
spoon	spoon	en
disast	disaster	en
uhhuh	uh-huh	en
shiver	shiver	en
wipe	wipe	en
tri	try	en
yeux	yeux	fr
magic	magic	en
wasteland	wasteland	en
magia	magia	es
stiff	stiff	en
zeit	zeit	de
fur	fur	en
button	button	en
gettin	gettin'	en
michael	michael	en
eve	eve	en
mirar	mirar	es
race	race	en
déjame	déjame	es
iba	iba	sk
stomp	stomp	en
marri	married	en
pleas	please	en
someday	someday	en
zo	zo	
fortun	fortune	en
esté	estés	es
natur	nature	en
bug	bug	en
está	está	es
vela	vela	it
jump	jump	en
crook	crooked	en
annihil	annihilation	en
video	video	en
plead	plead	en
zu	zu	
acid	acid	en
odd	odds	en
click	click	en
folk	folks	en
się	się	pl
går	går	sv
porqu	porque	es
compar	compare	en
chicago	chicago	en
wore	wore	en
slight	slightly	en
sonn	sonne	de
hardest	hardest	en
moan	moan	en
cell	cell	en
rotten	rotten	en
indian	indian	en
cancion	canciones	es
playa	playa	es
plug	plug	en
bird	bird	en
can	can	en
involv	involved	en
vibrat	vibration	en
led	led	en
chose	chose	fr
despit	despite	en
rocknrol	rock'n'roll	en
sexi	sexy	en
warum	warum	de
whoo	whoo	vi
punch	punch	en
kannst	kannst	de
sinn	sinn	is
swim	swim	en
quell	qu'elle	fr
les	les	fr
let	let	en
sink	sink	en
mnie	mnie	pl
sing	sing	en
sind	sind	de
palac	palace	en
fifteen	fifteen	en
sinc	since	en
qued	quede	es
great	great	en
até	até	pt
northern	northern	en
dell	delle	it
sangr	sangre	es
chant	chant	fr
gent	gente	es
30	30	
vacat	vacation	en
host	host	en
chao	chaos	en
sangu	sangue	pt
fond	fond	fr
cafe	cafe	en
veut	veut	fr
earli	early	en
opinion	opinion	en
climb	climb	en
meer	meer	nl
honor	honor	en
chanc	chance	en
control	control	en
wie	wie	de
danger	danger	en
shake	shake	en
win	win	en
sinä	sinä	fi
emot	emotions	en
foundat	foundation	en
estamo	estamos	es
volt	volte	it
wit	wit	nl
blah	blah	en
wir	wir	de
motor	motor	en
zijn	zijn	nl
voy	voy	es
cloud	clouds	en
dejar	dejar	es
use	used	en
olvid	olvides	es
from	from	en
che	che	it
usa	usa	it
&	&	
chi	chi	vi
doubl	double	en
gern	gern	de
escond	esconde	es
flat	flat	en
next	next	en
dynamit	dynamite	en
few	few	en
doubt	doubt	en
kuin	kuin	fi
toy	toy	en
clutch	clutch	en
sort	sort	en
don´t	don´t	en
dash	dash	en
clever	clever	en
babe	babe	en
bailando	bailando	es
porch	porch	en
babi	baby	en
caminho	caminho	pt
memoria	memoria	es
fiend	fiend	en
impress	impress	en
stone	stone	en
posso	posso	it
trail	trail	en
train	train	en
losin	losin'	en
vuelta	vuelta	es
ok	ok	
gambl	gamble	en
harvest	harvest	en
wretch	wretched	en
women	women	en
sont	sont	fr
heur	heures	fr
palabra	palabras	es
ace	ace	en
devant	devant	fr
spi	spy	en
this	this	en
plan	plan	en
ride	ride	en
critic	critical	en
pour	pour	fr
roar	roar	en
unreal	unreal	en
obvious	obvious	en
thin	thin	en
island	island	en
shook	shook	en
meet	meet	en
coffin	coffin	en
aliv	alive	en
sabe	sabes	es
masquerad	masquerade	en
qualquer	qualquer	pt
od	od	
tap	tap	en
bent	bent	nl
pawn	pawn	en
plate	plate	en
process	process	en
lock	locked	en
weet	weet	nl
rode	rode	nl
loco	loco	es
high	high	en
vultur	vultures	en
tag	tag	en
bene	bene	it
taa	taas	fi
slip	slip	en
tal	tal	mt
tan	tan	es
martyr	martyr	en
skirt	skirt	en
crimin	criminal	en
rape	rape	en
cambio	cambio	es
lamb	lamb	en
lejo	lejos	es
surfac	surface	en
sip	sip	en
querert	quererte	es
sit	sit	en
vibe	vibe	en
alegría	alegría	es
six	six	en
tras	tras	es
río	río	es
mujer	mujer	es
sia	sia	it
ander	anders	nl
sig	sig	sv
forest	forest	en
sie	sie	de
dissolv	dissolve	en
instead	instead	en
tak	tak	cs
panic	panic	en
sin	sin	es
sim	sim	ht
stock	stock	en
fare	fare	it
altar	altar	en
klar	klar	da
inhal	inhale	en
evri	ev'ry	hi
sir	sir	en
farm	farm	en
stop	stop	en
act	act	en
tief	tief	de
paralyz	paralyzed	en
canât	canât	en
wrist	wrist	en
attent	attention	en
ceil	ceiling	en
industri	industry	en
physic	physical	en
somethin	somethin'	en
assassin	assassin	en
tanta	tanta	es
bind	bind	en
isso	isso	pt
lame	lame	en
robot	robot	en
element	elements	en
mami	mami	zh-CN
primera	primera	es
entiendo	entiendo	es
mainten	maintenant	fr
allow	allow	en
lluvia	lluvia	es
ainda	ainda	pt
batter	battered	en
tunnel	tunnel	en
steve	steve	en
mieux	mieux	fr
weh	weh	de
standin	standin'	ku
thigh	thighs	en
movi	movie	en
move	move	en
galaxi	galaxy	en
desper	desperate	en
pine	pine	en
dial	dial	en
volta	volta	it
hunter	hunter	en
stride	stride	en
bunch	bunch	en
perfect	perfect	en
siehst	siehst	de
le	le	
outer	outer	en
till	till	sv
chosen	chosen	en
lo	lo	
ll	ll	
fue	fue	es
lamp	lamp	en
li	li	
mek	mek	ar
muert	muerte	es
når	når	no
puerta	puerta	es
llega	llega	es
decad	decade	en
bye	bye	en
filthi	filthy	en
jukebox	jukebox	en
dad	dad	en
nadi	nadie	es
dag	dag	sv
crash	crash	en
sword	sword	en
dal	dal	it
dam	dam	en
dan	dans	fr
spell	spell	en
dah	dah	ms
cover	cover	en
flew	flew	en
dat	dat	nl
mention	mention	en
doch	doch	de
autr	autre	fr
snake	snake	en
dar	dar	ro
gritar	gritar	es
front	front	en
scatter	scattered	en
surviv	survive	en
cage	cage	en
day	day	en
strive	strive	en
billi	billy	en
somewher	somewhere	en
thrill	thrill	en
anyth	anything	en
feast	feast	en
morir	morir	es
poetri	poetry	en
slide	slide	en
polit	politics	en
truth	truth	en
shirt	shirt	en
kommt	kommt	de
beneath	beneath	en
sil	s'il	fr
modo	modo	it
skate	skate	en
unwind	unwind	en
oui	oui	fr
tot	tot	nl
bueno	bueno	es
knive	knives	en
vien	viene	it
über	über	de
bump	bump	en
cett	cette	fr
buena	buena	es
product	product	en
consum	consume	en
leavin	leavin'	en
static	static	en
tien	tiene	es
bay	bay	en
sexual	sexual	en
wander	wander	en
special	special	en
falta	falta	es
sient	siente	es
rey	rey	es
attend	attend	en
sentiment	sentimental	en
bag	bag	en
defend	defend	en
tuyo	tuyo	es
från	från	sv
así	así	es
werden	werden	de
venom	venom	en
mate	mate	en
distract	distraction	en
cest	c'est	fr
sever	severed	en
mata	mata	id
pledg	pledge	en
wick	wicked	en
charli	charlie	en
contigo	contigo	es
defens	defense	en
red	red	en
obsess	obsession	en
afford	afford	en
franc	france	en
shut	shut	en
await	awaits	en
insid	inside	en
southern	southern	en
cambia	cambia	es
tempo	tempo	it
templ	temple	en
où	où	
que	que	es
york	york	en
x	x	
viejo	viejo	es
anyhow	anyhow	en
molli	molly	en
bleed	bleed	en
camino	camino	es
demai	demais	pt
etern	eternal	en
river	river	en
yard	yard	en
deserv	deserve	en
lone	lonely	en
guarante	guaranteed	en
enchant	enchanted	en
could	could	en
doy	doy	es
keep	keep	en
scari	scary	en
frent	frente	es
shred	shreds	en
chaqu	chaque	fr
outsid	outside	en
mortal	mortal	en
jam	jam	id
scare	scared	en
south	south	en
mankind	mankind	en
frozen	frozen	en
blown	blown	en
ihr	ihr	de
seu	seu	pt
sack	sack	en
echo	echo	en
date	date	en
dautr	d'autres	fr
ihn	ihn	de
bitch	bitch	en
vielä	vielä	fi
ihm	ihm	de
digniti	dignity	en
ses	ses	fr
scent	scent	en
jamá	jamás	es
fella	fellas	en
booti	booty	en
long	long	en
glisten	glisten	en
los	los	es
unknown	unknown	en
habit	habit	en
realidad	realidad	es
tribe	tribe	en
messag	message	en
mal	mal	de
their	their	en
attack	attack	en
definit	definitely	en
ruin	ruin	en
termin	terminal	en
espejo	espejo	es
perché	perché	it
final	finally	en
boil	boiling	en
misunderstood	misunderstood	en
negra	negra	es
shell	shell	en
stomach	stomach	en
gear	gear	en
big	big	en
jesus	jesus	en
einem	einem	de
punish	punishment	en
quando	quando	pt
shallow	shallow	en
negro	negro	es
biggest	biggest	en
maze	maze	en
sex	sex	en
herself	herself	en
shorti	shorty	en
blind	blind	en
practic	practice	en
steel	steel	en
nun	nun	de
photograph	photograph	en
bei	bei	de
ben	ben	zh-CN
tangl	tangled	en
bem	bem	pt
rendezv	rendezvous	en
bother	bother	en
beg	beg	ku
bed	bed	en
bee	bee	en
claim	claim	en
dai	dai	ja
llevar	llevar	es
padr	padre	es
kissin	kissin'	fi
becom	become	en
lover	lover	en
pedir	pedir	es
bare	bare	no
rate	rate	en
penetr	penetrate	en
steer	steer	en
perchè	perchè	it
tango	tango	en
inna	inna	pl
clip	clip	en
terribl	terrible	en
journey	journey	en
niña	niña	es
acabar	acabar	pt
sonho	sonho	pt
voce	voce	it
crucifi	crucified	en
corrupt	corruption	en
oughta	oughta	en
blir	blir	no
faut	faut	fr
rollin	rollin'	en
have	have	en
sen	sen	fi
throat	throat	en
madr	madre	es
loos	loose	en
yuh	yuh	en
border	border	en
sem	sem	is
shes	shes	en
q	q	
bastard	bastard	en
mij	mij	nl
mim	mim	pt
mil	mil	es
mio	mio	it
min	min	ku
mia	mia	it
respirar	respirar	es
mic	mic	ro
expos	exposed	en
mie	mie	it
you’r	you’re	en
mig	mig	sv
einfach	einfach	de
cuatro	cuatro	es
mix	mix	en
unawar	unaware	en
aujourdhui	aujourd'hui	fr
which	which	en
lindo	lindo	pt
truck	truck	en
mis	mis	et
mir	mir	de
mit	mit	de
singl	single	en
vaya	vaya	es
lugar	lugar	es
tonight	tonight	en
unless	unless	en
limb	limbs	en
combat	combat	en
mut	mut	fi
raindrop	raindrops	en
muev	mueve	es
who	who	en
salli	sally	en
whi	why	en
discov	discover	en
presid	president	en
hound	hound	en
fragment	fragments	en
hiphop	hip-hop	en
satan	satan	en
eight	eight	en
but	but	en
nous	nous	fr
tranc	trance	en
class	class	en
outro	outro	pt
landscap	landscape	en
stare	stare	ro
prove	prove	en
stereo	stereo	en
urg	urge	en
están	están	es
skinni	skinny	en
gather	gather	en
stronger	stronger	en
sunris	sunrise	en
enää	enää	fi
denk	denk	nl
deni	deny	en
fiel	fiel	de
denn	denn	de
aquí	aquí	es
luci	lucy	en
hardcor	hardcore	en
coffe	coffee	en
wow	wow	en
fact	fact	en
bell	bells	en
affair	affair	en
juego	juego	es
dijo	dijo	es
entertain	entertain	en
frighten	frightened	en
weiter	weiter	de
mich	mich	de
anyway	anyway	en
dije	dije	es
brother	brother	en
más	más	es
bring	bring	en
passo	passo	pt
niet	niet	nl
empir	empire	en
bedroom	bedroom	en
slippin	slippin'	en
chicken	chicken	en
darkest	darkest	en
texa	texas	en
passa	passa	pt
leg	legs	en
duck	duck	en
junto	junto	es
noit	noite	pt
ha	ha	
noir	noir	fr
histoir	histoire	fr
tire	tired	en
blowin	blowin'	en
illus	illusion	en
winner	winner	en
jar	jar	en
forev	forever	en
should	should	en
brighter	brighter	en
envi	envy	en
regga	reggae	en
suppos	supposed	en
jak	jak	pl
tudo	tudo	pt
pensar	pensar	es
fuel	fuel	en
jag	jag	sv
piano	piano	it
local	local	en
hope	hope	en
meant	meant	en
workin	workin'	en
satisfact	satisfaction	en
vill	vill	sv
familiar	familiar	en
dope	dope	en
disagre	disagree	en
ko	ko	
fora	fora	pt
beam	beam	en
bean	beans	en
rumbl	rumble	en
redeem	redeemed	en
tierra	tierra	es
ira	ira	es
increas	increase	en
leben	leben	de
sos	sos	es
lucki	lucky	en
endless	endless	en
gray	gray	en
viel	viel	de
cha	cha	sw
organ	organ	en
h	h	
possibl	possible	en
lala	lala	so
state	state	en
crow	crow	en
partir	partir	fr
sha	sha	zh-CN
stuff	stuff	en
she	she	en
gran	gran	es
contain	contain	en
shi	shy	en
rein	rein	de
watchin	watchin'	en
hei	hei	mi
view	view	en
toe	toes	en
perdido	perdido	es
solo	solo	it
prais	praise	en
bucket	bucket	en
frame	frame	en
pitch	pitch	en
apolog	apologize	en
dalla	dalla	it
disgust	disgust	en
powder	powder	en
stack	stack	en
joue	joue	fr
jeden	jeden	de
closer	closer	en
contempl	contemplate	en
sehr	sehr	de
wire	wire	en
closet	closet	en
pui	puis	fr
despu	despues	es
nuclear	nuclear	en
luz	luz	es
cruel	cruel	en
tend	tend	en
favor	favor	es
sublim	sublime	en
proof	proof	en
chemin	chemin	fr
destini	destiny	en
spare	spare	en
progress	progress	en
neither	neither	en
lip	lips	en
même	même	fr
junki	junkie	en
bought	bought	en
wollen	wollen	de
pipe	pipe	en
jos	jos	fi
adió	adiós	es
jou	jou	af
merri	merry	en
amen	amen	en
joy	joy	en
sorrow	sorrow	en
notion	notion	en
där	där	sv
então	então	pt
entir	entire	en
joe	joe	en
key	key	en
disconnect	disconnected	en
precious	precious	en
souvenir	souvenirs	fr
swift	swift	en
qual	qual	pt
david	david	en
revers	reverse	en
drum	drum	en
ett	ett	sv
weav	weave	en
joke	joke	en
despierto	despierto	es
la	la	
equal	equal	en
drug	drugs	en
display	display	en
april	april	en
doorway	doorway	en
succeed	succeed	en
grain	grain	en
puls	pulse	en
passag	passage	en
ami	ami	hu
swallow	swallow	en
darker	darker	en
afraid	afraid	en
glorious	glorious	en
aye	aye	en
comment	comment	en
vent	vent	fr
ci	ci	
jim	jim	en
co	co	
author	authority	en
wall	wall	en
ca	ca	
alla	alla	it
bis	bis	de
makin	makin'	id
ce	ce	
walk	walk	en
reborn	reborn	en
solv	solve	en
laugh	laugh	en
cousin	cousin	en
respect	respect	en
oer	o'er	no
cansado	cansado	es
veux	veux	fr
amigo	amigo	pt
quit	quite	en
revolut	revolution	en
slowli	slowly	en
tread	tread	en
quis	quise	es
maid	maid	en
entend	entender	pt
hoe	hoes	nl
cent	cent	en
très	très	fr
willi	willie	en
center	center	en
gaze	gaze	ro
besid	beside	en
treat	treat	en
motherfuck	motherfucker	en
tv	tv	
poet	poet	en
quil	qu'il	fr
feather	feather	en
kitchen	kitchen	en
cheek	cheek	en
mike	mike	en
circus	circus	en
nickel	nickel	en
treasur	treasure	en
vom	vom	de
presenc	presence	en
face	face	en
protect	protect	en
meus	meus	pt
señor	señor	es
siamo	siamo	it
hmm	hmm	en
lass	lass	de
mundo	mundo	es
bull	bull	en
ador	adore	fr
general	general	en
present	present	en
questa	questa	it
brauch	brauch	de
holiday	holiday	en
heut	heute	de
comput	computer	en
plain	plain	en
harder	harder	en
as	as	
will	will	en
defin	define	en
ar	ar	
facil	facile	fr
decept	deception	en
wild	wild	en
ku	ku	
scene	scene	en
observ	observe	en
déjà	déjà	fr
va	va	
coz	coz	en
droit	droit	fr
ve	ve	
locura	locura	es
fondo	fondo	es
almost	almost	en
vi	vi	
blood	blood	en
cultur	culture	en
morgen	morgen	de
fruit	fruit	en
lust	lust	de
girlfriend	girlfriend	en
lune	lune	fr
motiv	motivation	en
vu	vu	
raison	raison	fr
thug	thug	en
partner	partner	en
clone	clone	en
mesmo	mesmo	pt
whore	whore	en
halt	halt	de
tattoo	tattoo	en
uniti	unity	en
denial	denial	en
tas	t'as	en
welcom	welcome	en
parti	party	en
began	began	en
headlight	headlights	en
satisfi	satisfied	en
cross	cross	en
piu	piu'	it
handl	handle	en
cope	cope	en
dentro	dentro	es
auto	auto	en
underground	underground	en
easi	easy	en
about	about	en
cream	cream	en
nada	nada	es
womb	womb	en
tiempo	tiempo	es
ball	ball	en
slave	slave	en
siempr	siempre	es
dusk	dusk	en
pein	peine	fr
comprend	comprender	es
tenga	tenga	es
drink	drink	en
upon	upon	en
effect	effect	en
cétait	c'était	fr
romeo	romeo	en
beast	beast	en
vuelva	vuelvas	es
issu	issue	en
collid	collide	en
dust	dust	en
cigarett	cigarette	en
pourquoi	pourquoi	fr
nation	nation	en
judgment	judgment	en
killer	killer	en
vuelvo	vuelvo	es
curv	curve	en
gutter	gutter	no
off	off	en
destino	destino	es
i	i	
shotgun	shotgun	en
colour	colour	en
knowledg	knowledge	en
well	well	en
messiah	messiah	en
thought	thought	en
vet	vet	sv
1	1	
welt	welt	de
oft	oft	de
choos	choose	en
senza	senza	it
uno	uno	es
knight	knight	en
latest	latest	en
ny	n'y	es
distanc	distance	en
kiss	kiss	en
rocket	rocket	en
less	less	en
penso	penso	it
das	das	de
weekend	weekend	en
yall	y'all	es
mistaken	mistaken	en
gun	gun	en
momento	momento	es
já	já	
perdu	perdu	fr
tone	tone	en
paul	paul	en
glue	glue	en
papel	papel	es
distress	distress	en
web	web	en
quiero	quiero	es
weg	weg	de
wee	wee	en
devast	devastation	en
fellow	fellow	en
flee	flee	en
vida	vida	es
drunk	drunk	en
sky	sky	en
quiera	quiera	es
vide	vide	fr
bullshit	bullshit	en
drew	drew	en
wer	wer	de
add	add	en
other	other	en
generat	generation	en
halo	halo	ar
crack	crack	en
ohhh	ohhh	en
ley	ley	es
ought	ought	en
match	match	en
sich	sich	de
piel	piel	es
livin	livin'	en
fate	fate	en
rêves	rêves	fr
admit	admit	en
haut	haut	fr
piec	piece	en
llena	llena	es
historia	historia	es
cruz	cruz	es
ein	ein	de
five	five	en
know	know	en
unseen	unseen	en
desd	desde	es
paura	paura	it
realis	realise	fr
tick	tick	en
infierno	infierno	es
betti	betty	en
loss	loss	en
like	like	en
lost	lost	en
incred	incredible	en
bibl	bible	en
corpor	corporate	en
clown	clown	en
bark	bark	en
chica	chica	es
cantando	cantando	es
heed	heed	en
lose	lose	en
chick	chick	en
juic	juice	en
soft	soft	en
page	page	en
candi	candy	en
taim	t'aime	fr
shed	shed	en
nigga	nigga	en
pleur	pleure	fr
captur	captured	en
mua	mua	vi
matin	matin	fr
thief	thief	en
hail	hail	en
recuerdo	recuerdo	es
hair	hair	en
homm	homme	fr
daylight	daylight	en
får	får	sv
reviv	revive	en
homi	homie	en
dizer	dizer	pt
proper	proper	en
home	home	en
motivo	motivo	es
blade	blade	en
thiev	thieves	en
vraiment	vraiment	fr
guid	guide	en
ess	esse	pt
bet	bet	lt
lead	lead	en
zwei	zwei	de
broad	broad	en
avoid	avoid	en
lean	lean	en
thank	thank	en
chapter	chapter	en
leap	leap	en
fountain	fountain	en
passion	passion	en
settl	settle	en
esa	esa	es
leau	l'eau	fr
eso	eso	es
hunger	hunger	en
behav	behave	en
nake	naked	en
leader	leader	en
pued	puede	es
trap	trapped	en
birthday	birthday	en
peau	peau	fr
puedo	puedo	es
obey	obey	en
worthi	worthy	en
pueda	pueda	es
ident	identity	en
bathroom	bathroom	en
slut	slut	sv
parasit	parasite	en
singin	singin'	en
forgiv	forgive	en
glori	glory	en
although	although	en
instinct	instinct	en
despué	después	es
llama	llama	es
vengeanc	vengeance	en
swept	swept	en
stage	stage	en
throne	throne	en
cuerpo	cuerpo	es
sister	sister	en
quarter	quarter	en
rare	rare	en
knowin	knowin'	en
linger	linger	en
justic	justice	en
freedom	freedom	en
waist	waist	en
mä	mä	
cleans	cleanse	en
thirti	thirty	en
courag	courage	en
chrome	chrome	en
fear	fear	en
swear	swear	en
hier	hier	de
sweat	sweat	en
avenu	avenue	en
fals	false	en
toma	toma	es
tomb	tomb	en
diablo	diablo	en
kann	kann	de
own	own	en
absolut	absolutely	en
societi	society	en
owe	owe	en
tight	tight	en
tortur	torture	en
perman	permanent	en
automat	automatic	en
luna	luna	ro
weather	weather	en
lung	lungs	en
brush	brush	en
awhil	awhile	en
tristeza	tristeza	es
kinda	kinda	en
pussi	pussy	en
dug	dug	en
mere	mere	da
invad	invade	en
wollt	wollte	de
mississippi	mississippi	en
vai	vai	lv
van	van	nl
saben	saben	es
crave	crave	en
pictur	picture	en
personn	personne	fr
esperando	esperando	es
aan	aan	nl
spiral	spiral	en
feat	(feat.	en
threat	threat	en
appl	apple	en
tun	tun	de
inner	inner	en
también	también	es
ed	ed	
var	var	sv
vas	vas	sl
quanto	quanto	it
stai	stai	it
mijn	mijn	nl
buy	buy	en
north	north	en
noel	noel	en
innoc	innocent	en
tocar	tocar	es
bus	bus	en
brand	brand	en
deja	deja	es
wed	wedding	en
continu	continue	en
llevo	llevo	es
		
hi	hi	
ho	ho	
nut	nuts	en
whistl	whistle	en
grate	grateful	en
jai	j'ai	fr
eas	ease	en
ear	ears	en
eat	eat	en
wherev	wherever	en
he	he	
count	count	en
selfish	selfish	en
cu	cu	
made	made	en
wise	wise	en
temp	temps	fr
seit	seit	de
whether	whether	en
wish	wish	en
j	j	
smooth	smooth	en
flip	flip	en
troubl	trouble	en
whoa	whoa	en
record	record	en
below	below	en
belov	beloved	en
limit	limit	en
hesit	hesitate	en
beau	beau	fr
cake	cake	en
quizá	quizás	es
problem	problem	en
sein	sein	de
duro	duro	es
cmon	c'mon	fr
pin	pin	en
int	inte	sv
whisper	whisper	en
dure	during	en
gira	gira	es
pie	pie	lv
dura	dura	es
pig	pig	en
twist	twist	en
cap	cap	ca
jenni	jenny	en
mejor	mejor	es
ink	ink	en
manchmal	manchmal	de
penni	penny	en
pit	pit	en
happen	happen	en
beckon	beckon	en
alegria	alegria	pt
groov	groove	en
coisa	coisa	pt
lalala	lalala	id
menschen	menschen	de
seul	seul	fr
boot	boots	en
cave	cave	en
40	40	
saviour	saviour	en
book	book	en
seus	seus	pt
futur	future	en
sick	sick	en
niemal	niemals	de
behold	behold	en
out	out	en
talkin	talkin'	en
reckless	reckless	en
adam	adam	en
fiesta	fiesta	es
genau	genau	de
junk	junk	en
repeat	repeat	en
star	stars	en
monday	monday	en
grito	grito	es
vega	vegas	en
june	june	en
jung	junge	de
guardo	guardo	it
reput	reputation	en
unser	unsere	de
stab	stab	en
attempt	attempt	en
ese	ese	es
throughout	throughout	en
basement	basement	en
veil	veil	en
humbl	humble	en
vein	veins	en
goin	goin'	en
ghost	ghost	en
–	–	
sólo	sólo	es
4x	(4x)	ar
pode	pode	pt
aún	aún	es
jewel	jewels	en
sarà	sarà	it
rule	rules	en
paranoia	paranoia	en
vuoi	vuoi	it
fifti	fifty	en
raven	raven	en
là	là	
lá	lá	
allein	allein	de
yell	yell	en
at	at	
confess	confess	en
sincer	sincere	en
richard	richard	en
